"LOCATION","INDICATOR","SUBJECT","MEASURE","FREQUENCY","TIME","Value","Flag Codes"
"AUS","MEATCONSUMP","BEEF","KG_CAP","A","1990",0,
"AUS","MEATCONSUMP","BEEF","KG_CAP","A","1991",27.942,
"AUS","MEATCONSUMP","BEEF","KG_CAP","A","1992",26.405,
"AUS","MEATCONSUMP","BEEF","KG_CAP","A","1993",26.37,
"AUS","MEATCONSUMP","BEEF","KG_CAP","A","1994",25.662,
"AUS","MEATCONSUMP","BEEF","KG_CAP","A","1995",25.526,
"AUS","MEATCONSUMP","BEEF","KG_CAP","A","1996",27.453,
"AUS","MEATCONSUMP","BEEF","KG_CAP","A","1997",29,
"AUS","MEATCONSUMP","BEEF","KG_CAP","A","1998",26.765,
"AUS","MEATCONSUMP","BEEF","KG_CAP","A","1999",28.095,
"AUS","MEATCONSUMP","BEEF","KG_CAP","A","2000",26.515,
"AUS","MEATCONSUMP","BEEF","KG_CAP","A","2001",24.606,
"AUS","MEATCONSUMP","BEEF","KG_CAP","A","2002",25.263,
"AUS","MEATCONSUMP","BEEF","KG_CAP","A","2003",25.958,
"AUS","MEATCONSUMP","BEEF","KG_CAP","A","2004",28.719,
"AUS","MEATCONSUMP","BEEF","KG_CAP","A","2005",27.19,
"AUS","MEATCONSUMP","BEEF","KG_CAP","A","2006",27.03,
"AUS","MEATCONSUMP","BEEF","KG_CAP","A","2007",24.166,
"AUS","MEATCONSUMP","BEEF","KG_CAP","A","2008",23.343,
"AUS","MEATCONSUMP","BEEF","KG_CAP","A","2009",23.454,
"AUS","MEATCONSUMP","BEEF","KG_CAP","A","2010",25.31,
"AUS","MEATCONSUMP","BEEF","KG_CAP","A","2011",23.287,
"AUS","MEATCONSUMP","BEEF","KG_CAP","A","2012",22.435,
"AUS","MEATCONSUMP","BEEF","KG_CAP","A","2013",23.744,
"AUS","MEATCONSUMP","BEEF","KG_CAP","A","2014",22.587,
"AUS","MEATCONSUMP","BEEF","KG_CAP","A","2015",20.519,
"AUS","MEATCONSUMP","BEEF","KG_CAP","A","2016",19.473,
"AUS","MEATCONSUMP","BEEF","KG_CAP","A","2017",21.251,
"AUS","MEATCONSUMP","BEEF","KG_CAP","A","2018",19.965,
"AUS","MEATCONSUMP","BEEF","KG_CAP","A","2019",19.698,
"AUS","MEATCONSUMP","BEEF","KG_CAP","A","2020",19.438,
"AUS","MEATCONSUMP","BEEF","KG_CAP","A","2021",19.187,
"AUS","MEATCONSUMP","BEEF","KG_CAP","A","2022",19.088,
"AUS","MEATCONSUMP","BEEF","KG_CAP","A","2023",18.864,
"AUS","MEATCONSUMP","BEEF","KG_CAP","A","2024",18.518,
"AUS","MEATCONSUMP","BEEF","KG_CAP","A","2025",18.439,
"AUS","MEATCONSUMP","BEEF","KG_CAP","A","2026",18.365,
"AUS","MEATCONSUMP","BEEF","KG_CAP","A","2027",18.29,
"AUS","MEATCONSUMP","BEEF","KG_CAP","A","2028",18.217,
"AUS","MEATCONSUMP","BEEF","KG_CAP","A","2029",18.149,
"CAN","MEATCONSUMP","BEEF","KG_CAP","A","1990",25.002,
"CAN","MEATCONSUMP","BEEF","KG_CAP","A","1991",24.456,
"CAN","MEATCONSUMP","BEEF","KG_CAP","A","1992",23.83,
"CAN","MEATCONSUMP","BEEF","KG_CAP","A","1993",22.805,
"CAN","MEATCONSUMP","BEEF","KG_CAP","A","1994",23.226,
"CAN","MEATCONSUMP","BEEF","KG_CAP","A","1995",23.309,
"CAN","MEATCONSUMP","BEEF","KG_CAP","A","1996",23.048,
"CAN","MEATCONSUMP","BEEF","KG_CAP","A","1997",23.106,
"CAN","MEATCONSUMP","BEEF","KG_CAP","A","1998",23.379,
"CAN","MEATCONSUMP","BEEF","KG_CAP","A","1999",23.8,
"CAN","MEATCONSUMP","BEEF","KG_CAP","A","2000",23.411,
"CAN","MEATCONSUMP","BEEF","KG_CAP","A","2001",22.5,
"CAN","MEATCONSUMP","BEEF","KG_CAP","A","2002",22.415,
"CAN","MEATCONSUMP","BEEF","KG_CAP","A","2003",23.655,
"CAN","MEATCONSUMP","BEEF","KG_CAP","A","2004",22.711,
"CAN","MEATCONSUMP","BEEF","KG_CAP","A","2005",21.994,
"CAN","MEATCONSUMP","BEEF","KG_CAP","A","2006",21.711,
"CAN","MEATCONSUMP","BEEF","KG_CAP","A","2007",22.146,
"CAN","MEATCONSUMP","BEEF","KG_CAP","A","2008",21.473,
"CAN","MEATCONSUMP","BEEF","KG_CAP","A","2009",20.434,
"CAN","MEATCONSUMP","BEEF","KG_CAP","A","2010",20.305,
"CAN","MEATCONSUMP","BEEF","KG_CAP","A","2011",19.804,
"CAN","MEATCONSUMP","BEEF","KG_CAP","A","2012",20.012,
"CAN","MEATCONSUMP","BEEF","KG_CAP","A","2013",19.813,
"CAN","MEATCONSUMP","BEEF","KG_CAP","A","2014",19.177,
"CAN","MEATCONSUMP","BEEF","KG_CAP","A","2015",17.633,
"CAN","MEATCONSUMP","BEEF","KG_CAP","A","2016",18.316,
"CAN","MEATCONSUMP","BEEF","KG_CAP","A","2017",18.273,
"CAN","MEATCONSUMP","BEEF","KG_CAP","A","2018",18.422,
"CAN","MEATCONSUMP","BEEF","KG_CAP","A","2019",17.623,
"CAN","MEATCONSUMP","BEEF","KG_CAP","A","2020",17.578,
"CAN","MEATCONSUMP","BEEF","KG_CAP","A","2021",17.394,
"CAN","MEATCONSUMP","BEEF","KG_CAP","A","2022",17.188,
"CAN","MEATCONSUMP","BEEF","KG_CAP","A","2023",16.994,
"CAN","MEATCONSUMP","BEEF","KG_CAP","A","2024",16.837,
"CAN","MEATCONSUMP","BEEF","KG_CAP","A","2025",16.646,
"CAN","MEATCONSUMP","BEEF","KG_CAP","A","2026",16.461,
"CAN","MEATCONSUMP","BEEF","KG_CAP","A","2027",16.315,
"CAN","MEATCONSUMP","BEEF","KG_CAP","A","2028",16.165,
"CAN","MEATCONSUMP","BEEF","KG_CAP","A","2029",16.021,
"JPN","MEATCONSUMP","BEEF","KG_CAP","A","1990",6,
"JPN","MEATCONSUMP","BEEF","KG_CAP","A","1991",6.401,
"JPN","MEATCONSUMP","BEEF","KG_CAP","A","1992",6.65,
"JPN","MEATCONSUMP","BEEF","KG_CAP","A","1993",7.286,
"JPN","MEATCONSUMP","BEEF","KG_CAP","A","1994",8.003,
"JPN","MEATCONSUMP","BEEF","KG_CAP","A","1995",8.408,
"JPN","MEATCONSUMP","BEEF","KG_CAP","A","1996",7.966,
"JPN","MEATCONSUMP","BEEF","KG_CAP","A","1997",8.073,
"JPN","MEATCONSUMP","BEEF","KG_CAP","A","1998",8.186,
"JPN","MEATCONSUMP","BEEF","KG_CAP","A","1999",8.174,
"JPN","MEATCONSUMP","BEEF","KG_CAP","A","2000",8.618,
"JPN","MEATCONSUMP","BEEF","KG_CAP","A","2001",7.03,
"JPN","MEATCONSUMP","BEEF","KG_CAP","A","2002",7.128,
"JPN","MEATCONSUMP","BEEF","KG_CAP","A","2003",6.98,
"JPN","MEATCONSUMP","BEEF","KG_CAP","A","2004",6.962,
"JPN","MEATCONSUMP","BEEF","KG_CAP","A","2005",6.234,
"JPN","MEATCONSUMP","BEEF","KG_CAP","A","2006",6.188,
"JPN","MEATCONSUMP","BEEF","KG_CAP","A","2007",6.38,
"JPN","MEATCONSUMP","BEEF","KG_CAP","A","2008",6.386,
"JPN","MEATCONSUMP","BEEF","KG_CAP","A","2009",6.492,
"JPN","MEATCONSUMP","BEEF","KG_CAP","A","2010",6.707,
"JPN","MEATCONSUMP","BEEF","KG_CAP","A","2011",6.722,
"JPN","MEATCONSUMP","BEEF","KG_CAP","A","2012",6.731,
"JPN","MEATCONSUMP","BEEF","KG_CAP","A","2013",6.727,
"JPN","MEATCONSUMP","BEEF","KG_CAP","A","2014",6.689,
"JPN","MEATCONSUMP","BEEF","KG_CAP","A","2015",6.292,
"JPN","MEATCONSUMP","BEEF","KG_CAP","A","2016",6.873,
"JPN","MEATCONSUMP","BEEF","KG_CAP","A","2017",7.001,
"JPN","MEATCONSUMP","BEEF","KG_CAP","A","2018",7.356,
"JPN","MEATCONSUMP","BEEF","KG_CAP","A","2019",7.541,
"JPN","MEATCONSUMP","BEEF","KG_CAP","A","2020",7.643,
"JPN","MEATCONSUMP","BEEF","KG_CAP","A","2021",7.657,
"JPN","MEATCONSUMP","BEEF","KG_CAP","A","2022",7.673,
"JPN","MEATCONSUMP","BEEF","KG_CAP","A","2023",7.598,
"JPN","MEATCONSUMP","BEEF","KG_CAP","A","2024",7.605,
"JPN","MEATCONSUMP","BEEF","KG_CAP","A","2025",7.619,
"JPN","MEATCONSUMP","BEEF","KG_CAP","A","2026",7.626,
"JPN","MEATCONSUMP","BEEF","KG_CAP","A","2027",7.637,
"JPN","MEATCONSUMP","BEEF","KG_CAP","A","2028",7.652,
"JPN","MEATCONSUMP","BEEF","KG_CAP","A","2029",7.666,
"KOR","MEATCONSUMP","BEEF","KG_CAP","A","1990",0,
"KOR","MEATCONSUMP","BEEF","KG_CAP","A","1991",5.084,
"KOR","MEATCONSUMP","BEEF","KG_CAP","A","1992",5.668,
"KOR","MEATCONSUMP","BEEF","KG_CAP","A","1993",5.293,
"KOR","MEATCONSUMP","BEEF","KG_CAP","A","1994",5.649,
"KOR","MEATCONSUMP","BEEF","KG_CAP","A","1995",6.483,
"KOR","MEATCONSUMP","BEEF","KG_CAP","A","1996",6.714,
"KOR","MEATCONSUMP","BEEF","KG_CAP","A","1997",7.588,
"KOR","MEATCONSUMP","BEEF","KG_CAP","A","1998",6.808,
"KOR","MEATCONSUMP","BEEF","KG_CAP","A","1999",8.084,
"KOR","MEATCONSUMP","BEEF","KG_CAP","A","2000",8.449,
"KOR","MEATCONSUMP","BEEF","KG_CAP","A","2001",7.322,
"KOR","MEATCONSUMP","BEEF","KG_CAP","A","2002",8.331,
"KOR","MEATCONSUMP","BEEF","KG_CAP","A","2003",8.03,
"KOR","MEATCONSUMP","BEEF","KG_CAP","A","2004",6.47,
"KOR","MEATCONSUMP","BEEF","KG_CAP","A","2005",5.976,
"KOR","MEATCONSUMP","BEEF","KG_CAP","A","2006",6.641,
"KOR","MEATCONSUMP","BEEF","KG_CAP","A","2007",7.046,
"KOR","MEATCONSUMP","BEEF","KG_CAP","A","2008",7.191,
"KOR","MEATCONSUMP","BEEF","KG_CAP","A","2009",7.424,
"KOR","MEATCONSUMP","BEEF","KG_CAP","A","2010",7.981,
"KOR","MEATCONSUMP","BEEF","KG_CAP","A","2011",8.819,
"KOR","MEATCONSUMP","BEEF","KG_CAP","A","2012",8.943,
"KOR","MEATCONSUMP","BEEF","KG_CAP","A","2013",9.337,
"KOR","MEATCONSUMP","BEEF","KG_CAP","A","2014",9.871,
"KOR","MEATCONSUMP","BEEF","KG_CAP","A","2015",10.008,
"KOR","MEATCONSUMP","BEEF","KG_CAP","A","2016",10.019,
"KOR","MEATCONSUMP","BEEF","KG_CAP","A","2017",10.441,
"KOR","MEATCONSUMP","BEEF","KG_CAP","A","2018",10.83,
"KOR","MEATCONSUMP","BEEF","KG_CAP","A","2019",11.822,
"KOR","MEATCONSUMP","BEEF","KG_CAP","A","2020",11.85,
"KOR","MEATCONSUMP","BEEF","KG_CAP","A","2021",11.908,
"KOR","MEATCONSUMP","BEEF","KG_CAP","A","2022",11.968,
"KOR","MEATCONSUMP","BEEF","KG_CAP","A","2023",12.031,
"KOR","MEATCONSUMP","BEEF","KG_CAP","A","2024",12.096,
"KOR","MEATCONSUMP","BEEF","KG_CAP","A","2025",12.163,
"KOR","MEATCONSUMP","BEEF","KG_CAP","A","2026",12.234,
"KOR","MEATCONSUMP","BEEF","KG_CAP","A","2027",12.279,
"KOR","MEATCONSUMP","BEEF","KG_CAP","A","2028",12.34,
"KOR","MEATCONSUMP","BEEF","KG_CAP","A","2029",12.404,
"MEX","MEATCONSUMP","BEEF","KG_CAP","A","1990",7.384,
"MEX","MEATCONSUMP","BEEF","KG_CAP","A","1991",8.976,
"MEX","MEATCONSUMP","BEEF","KG_CAP","A","1992",9.367,
"MEX","MEATCONSUMP","BEEF","KG_CAP","A","1993",8.495,
"MEX","MEATCONSUMP","BEEF","KG_CAP","A","1994",9.978,
"MEX","MEATCONSUMP","BEEF","KG_CAP","A","1995",8.551,
"MEX","MEATCONSUMP","BEEF","KG_CAP","A","1996",9.93,
"MEX","MEATCONSUMP","BEEF","KG_CAP","A","1997",10.191,
"MEX","MEATCONSUMP","BEEF","KG_CAP","A","1998",10.983,
"MEX","MEATCONSUMP","BEEF","KG_CAP","A","1999",10.882,
"MEX","MEATCONSUMP","BEEF","KG_CAP","A","2000",10.79,
"MEX","MEATCONSUMP","BEEF","KG_CAP","A","2001",11.048,
"MEX","MEATCONSUMP","BEEF","KG_CAP","A","2002",11.824,
"MEX","MEATCONSUMP","BEEF","KG_CAP","A","2003",10.955,
"MEX","MEATCONSUMP","BEEF","KG_CAP","A","2004",10.407,
"MEX","MEATCONSUMP","BEEF","KG_CAP","A","2005",10.671,
"MEX","MEATCONSUMP","BEEF","KG_CAP","A","2006",10.01,
"MEX","MEATCONSUMP","BEEF","KG_CAP","A","2007",10.704,
"MEX","MEATCONSUMP","BEEF","KG_CAP","A","2008",11.219,
"MEX","MEATCONSUMP","BEEF","KG_CAP","A","2009",10.553,
"MEX","MEATCONSUMP","BEEF","KG_CAP","A","2010",9.966,
"MEX","MEATCONSUMP","BEEF","KG_CAP","A","2011",9.056,
"MEX","MEATCONSUMP","BEEF","KG_CAP","A","2012",9.055,
"MEX","MEATCONSUMP","BEEF","KG_CAP","A","2013",9.023,
"MEX","MEATCONSUMP","BEEF","KG_CAP","A","2014",8.911,
"MEX","MEATCONSUMP","BEEF","KG_CAP","A","2015",8.913,
"MEX","MEATCONSUMP","BEEF","KG_CAP","A","2016",9.134,
"MEX","MEATCONSUMP","BEEF","KG_CAP","A","2017",9.162,
"MEX","MEATCONSUMP","BEEF","KG_CAP","A","2018",9.243,
"MEX","MEATCONSUMP","BEEF","KG_CAP","A","2019",9.167,
"MEX","MEATCONSUMP","BEEF","KG_CAP","A","2020",8.971,
"MEX","MEATCONSUMP","BEEF","KG_CAP","A","2021",8.986,
"MEX","MEATCONSUMP","BEEF","KG_CAP","A","2022",8.996,
"MEX","MEATCONSUMP","BEEF","KG_CAP","A","2023",9.036,
"MEX","MEATCONSUMP","BEEF","KG_CAP","A","2024",9.096,
"MEX","MEATCONSUMP","BEEF","KG_CAP","A","2025",9.1,
"MEX","MEATCONSUMP","BEEF","KG_CAP","A","2026",9.128,
"MEX","MEATCONSUMP","BEEF","KG_CAP","A","2027",9.108,
"MEX","MEATCONSUMP","BEEF","KG_CAP","A","2028",9.092,
"MEX","MEATCONSUMP","BEEF","KG_CAP","A","2029",9.06,
"NZL","MEATCONSUMP","BEEF","KG_CAP","A","1990",26.072,
"NZL","MEATCONSUMP","BEEF","KG_CAP","A","1991",24.03,
"NZL","MEATCONSUMP","BEEF","KG_CAP","A","1992",24.801,
"NZL","MEATCONSUMP","BEEF","KG_CAP","A","1993",24.151,
"NZL","MEATCONSUMP","BEEF","KG_CAP","A","1994",21.023,
"NZL","MEATCONSUMP","BEEF","KG_CAP","A","1995",28.218,
"NZL","MEATCONSUMP","BEEF","KG_CAP","A","1996",29.057,
"NZL","MEATCONSUMP","BEEF","KG_CAP","A","1997",25.258,
"NZL","MEATCONSUMP","BEEF","KG_CAP","A","1998",21.919,
"NZL","MEATCONSUMP","BEEF","KG_CAP","A","1999",23.146,
"NZL","MEATCONSUMP","BEEF","KG_CAP","A","2000",23.267,
"NZL","MEATCONSUMP","BEEF","KG_CAP","A","2001",21.663,
"NZL","MEATCONSUMP","BEEF","KG_CAP","A","2002",16.952,
"NZL","MEATCONSUMP","BEEF","KG_CAP","A","2003",23.15,
"NZL","MEATCONSUMP","BEEF","KG_CAP","A","2004",20.182,
"NZL","MEATCONSUMP","BEEF","KG_CAP","A","2005",15.749,
"NZL","MEATCONSUMP","BEEF","KG_CAP","A","2006",17.187,
"NZL","MEATCONSUMP","BEEF","KG_CAP","A","2007",20.094,
"NZL","MEATCONSUMP","BEEF","KG_CAP","A","2008",20.143,
"NZL","MEATCONSUMP","BEEF","KG_CAP","A","2009",17.779,
"NZL","MEATCONSUMP","BEEF","KG_CAP","A","2010",17.165,
"NZL","MEATCONSUMP","BEEF","KG_CAP","A","2011",16.522,
"NZL","MEATCONSUMP","BEEF","KG_CAP","A","2012",15.779,
"NZL","MEATCONSUMP","BEEF","KG_CAP","A","2013",15.883,
"NZL","MEATCONSUMP","BEEF","KG_CAP","A","2014",15.402,
"NZL","MEATCONSUMP","BEEF","KG_CAP","A","2015",13.864,
"NZL","MEATCONSUMP","BEEF","KG_CAP","A","2016",12.519,
"NZL","MEATCONSUMP","BEEF","KG_CAP","A","2017",12.063,
"NZL","MEATCONSUMP","BEEF","KG_CAP","A","2018",11.837,
"NZL","MEATCONSUMP","BEEF","KG_CAP","A","2019",11.609,
"NZL","MEATCONSUMP","BEEF","KG_CAP","A","2020",11.548,
"NZL","MEATCONSUMP","BEEF","KG_CAP","A","2021",11.663,
"NZL","MEATCONSUMP","BEEF","KG_CAP","A","2022",11.371,
"NZL","MEATCONSUMP","BEEF","KG_CAP","A","2023",11.36,
"NZL","MEATCONSUMP","BEEF","KG_CAP","A","2024",11.349,
"NZL","MEATCONSUMP","BEEF","KG_CAP","A","2025",11.34,
"NZL","MEATCONSUMP","BEEF","KG_CAP","A","2026",11.335,
"NZL","MEATCONSUMP","BEEF","KG_CAP","A","2027",11.327,
"NZL","MEATCONSUMP","BEEF","KG_CAP","A","2028",11.321,
"NZL","MEATCONSUMP","BEEF","KG_CAP","A","2029",11.318,
"TUR","MEATCONSUMP","BEEF","KG_CAP","A","1990",4.955,
"TUR","MEATCONSUMP","BEEF","KG_CAP","A","1991",4.761,
"TUR","MEATCONSUMP","BEEF","KG_CAP","A","1992",4.241,
"TUR","MEATCONSUMP","BEEF","KG_CAP","A","1993",4.13,
"TUR","MEATCONSUMP","BEEF","KG_CAP","A","1994",3.783,
"TUR","MEATCONSUMP","BEEF","KG_CAP","A","1995",3.703,
"TUR","MEATCONSUMP","BEEF","KG_CAP","A","1996",3.808,
"TUR","MEATCONSUMP","BEEF","KG_CAP","A","1997",4.464,
"TUR","MEATCONSUMP","BEEF","KG_CAP","A","1998",4.15,
"TUR","MEATCONSUMP","BEEF","KG_CAP","A","1999",3.986,
"TUR","MEATCONSUMP","BEEF","KG_CAP","A","2000",3.964,
"TUR","MEATCONSUMP","BEEF","KG_CAP","A","2001",3.638,
"TUR","MEATCONSUMP","BEEF","KG_CAP","A","2002",3.532,
"TUR","MEATCONSUMP","BEEF","KG_CAP","A","2003",3.191,
"TUR","MEATCONSUMP","BEEF","KG_CAP","A","2004",3.927,
"TUR","MEATCONSUMP","BEEF","KG_CAP","A","2005",3.373,
"TUR","MEATCONSUMP","BEEF","KG_CAP","A","2006",3.523,
"TUR","MEATCONSUMP","BEEF","KG_CAP","A","2007",4.344,
"TUR","MEATCONSUMP","BEEF","KG_CAP","A","2008",3.726,
"TUR","MEATCONSUMP","BEEF","KG_CAP","A","2009",3.16,
"TUR","MEATCONSUMP","BEEF","KG_CAP","A","2010",6.387,
"TUR","MEATCONSUMP","BEEF","KG_CAP","A","2011",7.079,
"TUR","MEATCONSUMP","BEEF","KG_CAP","A","2012",7.546,
"TUR","MEATCONSUMP","BEEF","KG_CAP","A","2013",7.867,
"TUR","MEATCONSUMP","BEEF","KG_CAP","A","2014",7.882,
"TUR","MEATCONSUMP","BEEF","KG_CAP","A","2015",9.217,
"TUR","MEATCONSUMP","BEEF","KG_CAP","A","2016",9.342,
"TUR","MEATCONSUMP","BEEF","KG_CAP","A","2017",8.599,
"TUR","MEATCONSUMP","BEEF","KG_CAP","A","2018",9.839,
"TUR","MEATCONSUMP","BEEF","KG_CAP","A","2019",9.474,
"TUR","MEATCONSUMP","BEEF","KG_CAP","A","2020",9.633,
"TUR","MEATCONSUMP","BEEF","KG_CAP","A","2021",9.818,
"TUR","MEATCONSUMP","BEEF","KG_CAP","A","2022",9.966,
"TUR","MEATCONSUMP","BEEF","KG_CAP","A","2023",10.117,
"TUR","MEATCONSUMP","BEEF","KG_CAP","A","2024",10.284,
"TUR","MEATCONSUMP","BEEF","KG_CAP","A","2025",10.452,
"TUR","MEATCONSUMP","BEEF","KG_CAP","A","2026",10.611,
"TUR","MEATCONSUMP","BEEF","KG_CAP","A","2027",10.76,
"TUR","MEATCONSUMP","BEEF","KG_CAP","A","2028",10.916,
"TUR","MEATCONSUMP","BEEF","KG_CAP","A","2029",11.077,
"USA","MEATCONSUMP","BEEF","KG_CAP","A","1990",30.673,
"USA","MEATCONSUMP","BEEF","KG_CAP","A","1991",30.46,
"USA","MEATCONSUMP","BEEF","KG_CAP","A","1992",30.359,
"USA","MEATCONSUMP","BEEF","KG_CAP","A","1993",29.718,
"USA","MEATCONSUMP","BEEF","KG_CAP","A","1994",30.772,
"USA","MEATCONSUMP","BEEF","KG_CAP","A","1995",30.956,
"USA","MEATCONSUMP","BEEF","KG_CAP","A","1996",31.05,
"USA","MEATCONSUMP","BEEF","KG_CAP","A","1997",30.316,
"USA","MEATCONSUMP","BEEF","KG_CAP","A","1998",30.658,
"USA","MEATCONSUMP","BEEF","KG_CAP","A","1999",30.972,
"USA","MEATCONSUMP","BEEF","KG_CAP","A","2000",31.067,
"USA","MEATCONSUMP","BEEF","KG_CAP","A","2001",30.378,
"USA","MEATCONSUMP","BEEF","KG_CAP","A","2002",31.038,
"USA","MEATCONSUMP","BEEF","KG_CAP","A","2003",29.803,
"USA","MEATCONSUMP","BEEF","KG_CAP","A","2004",30.33,
"USA","MEATCONSUMP","BEEF","KG_CAP","A","2005",30.049,
"USA","MEATCONSUMP","BEEF","KG_CAP","A","2006",30.171,
"USA","MEATCONSUMP","BEEF","KG_CAP","A","2007",29.903,
"USA","MEATCONSUMP","BEEF","KG_CAP","A","2008",28.71,
"USA","MEATCONSUMP","BEEF","KG_CAP","A","2009",28.037,
"USA","MEATCONSUMP","BEEF","KG_CAP","A","2010",27.257,
"USA","MEATCONSUMP","BEEF","KG_CAP","A","2011",26.262,
"USA","MEATCONSUMP","BEEF","KG_CAP","A","2012",26.083,
"USA","MEATCONSUMP","BEEF","KG_CAP","A","2013",25.595,
"USA","MEATCONSUMP","BEEF","KG_CAP","A","2014",24.627,
"USA","MEATCONSUMP","BEEF","KG_CAP","A","2015",24.599,
"USA","MEATCONSUMP","BEEF","KG_CAP","A","2016",25.308,
"USA","MEATCONSUMP","BEEF","KG_CAP","A","2017",25.939,
"USA","MEATCONSUMP","BEEF","KG_CAP","A","2018",26.057,
"USA","MEATCONSUMP","BEEF","KG_CAP","A","2019",26.324,
"USA","MEATCONSUMP","BEEF","KG_CAP","A","2020",26.195,
"USA","MEATCONSUMP","BEEF","KG_CAP","A","2021",26.081,
"USA","MEATCONSUMP","BEEF","KG_CAP","A","2022",25.342,
"USA","MEATCONSUMP","BEEF","KG_CAP","A","2023",25.318,
"USA","MEATCONSUMP","BEEF","KG_CAP","A","2024",25.309,
"USA","MEATCONSUMP","BEEF","KG_CAP","A","2025",25.394,
"USA","MEATCONSUMP","BEEF","KG_CAP","A","2026",25.58,
"USA","MEATCONSUMP","BEEF","KG_CAP","A","2027",25.712,
"USA","MEATCONSUMP","BEEF","KG_CAP","A","2028",25.945,
"USA","MEATCONSUMP","BEEF","KG_CAP","A","2029",25.969,
"ARG","MEATCONSUMP","BEEF","KG_CAP","A","1990",55.559,
"ARG","MEATCONSUMP","BEEF","KG_CAP","A","1991",51.817,
"ARG","MEATCONSUMP","BEEF","KG_CAP","A","1992",50.98,
"ARG","MEATCONSUMP","BEEF","KG_CAP","A","1993",51.678,
"ARG","MEATCONSUMP","BEEF","KG_CAP","A","1994",48.594,
"ARG","MEATCONSUMP","BEEF","KG_CAP","A","1995",43.693,
"ARG","MEATCONSUMP","BEEF","KG_CAP","A","1996",44.219,
"ARG","MEATCONSUMP","BEEF","KG_CAP","A","1997",44.86,
"ARG","MEATCONSUMP","BEEF","KG_CAP","A","1998",41.633,
"ARG","MEATCONSUMP","BEEF","KG_CAP","A","1999",45.76,
"ARG","MEATCONSUMP","BEEF","KG_CAP","A","2000",45.282,
"ARG","MEATCONSUMP","BEEF","KG_CAP","A","2001",43.988,
"ARG","MEATCONSUMP","BEEF","KG_CAP","A","2002",40.505,
"ARG","MEATCONSUMP","BEEF","KG_CAP","A","2003",41.864,
"ARG","MEATCONSUMP","BEEF","KG_CAP","A","2004",43.711,
"ARG","MEATCONSUMP","BEEF","KG_CAP","A","2005",42.824,
"ARG","MEATCONSUMP","BEEF","KG_CAP","A","2006",44.105,
"ARG","MEATCONSUMP","BEEF","KG_CAP","A","2007",47.41,
"ARG","MEATCONSUMP","BEEF","KG_CAP","A","2008",47.251,
"ARG","MEATCONSUMP","BEEF","KG_CAP","A","2009",46.961,
"ARG","MEATCONSUMP","BEEF","KG_CAP","A","2010",39.622,
"ARG","MEATCONSUMP","BEEF","KG_CAP","A","2011",38.402,
"ARG","MEATCONSUMP","BEEF","KG_CAP","A","2012",40.476,
"ARG","MEATCONSUMP","BEEF","KG_CAP","A","2013",44.056,
"ARG","MEATCONSUMP","BEEF","KG_CAP","A","2014",40.956,
"ARG","MEATCONSUMP","BEEF","KG_CAP","A","2015",41.079,
"ARG","MEATCONSUMP","BEEF","KG_CAP","A","2016",39.042,
"ARG","MEATCONSUMP","BEEF","KG_CAP","A","2017",39.575,
"ARG","MEATCONSUMP","BEEF","KG_CAP","A","2018",38.881,
"ARG","MEATCONSUMP","BEEF","KG_CAP","A","2019",37.985,
"ARG","MEATCONSUMP","BEEF","KG_CAP","A","2020",36.894,
"ARG","MEATCONSUMP","BEEF","KG_CAP","A","2021",36.853,
"ARG","MEATCONSUMP","BEEF","KG_CAP","A","2022",36.894,
"ARG","MEATCONSUMP","BEEF","KG_CAP","A","2023",36.758,
"ARG","MEATCONSUMP","BEEF","KG_CAP","A","2024",36.631,
"ARG","MEATCONSUMP","BEEF","KG_CAP","A","2025",36.521,
"ARG","MEATCONSUMP","BEEF","KG_CAP","A","2026",36.386,
"ARG","MEATCONSUMP","BEEF","KG_CAP","A","2027",36.264,
"ARG","MEATCONSUMP","BEEF","KG_CAP","A","2028",36.144,
"ARG","MEATCONSUMP","BEEF","KG_CAP","A","2029",36.035,
"BRA","MEATCONSUMP","BEEF","KG_CAP","A","1990",20.868,
"BRA","MEATCONSUMP","BEEF","KG_CAP","A","1991",20.68,
"BRA","MEATCONSUMP","BEEF","KG_CAP","A","1992",20.542,
"BRA","MEATCONSUMP","BEEF","KG_CAP","A","1993",20.813,
"BRA","MEATCONSUMP","BEEF","KG_CAP","A","1994",23.259,
"BRA","MEATCONSUMP","BEEF","KG_CAP","A","1995",25.906,
"BRA","MEATCONSUMP","BEEF","KG_CAP","A","1996",26.468,
"BRA","MEATCONSUMP","BEEF","KG_CAP","A","1997",24.713,
"BRA","MEATCONSUMP","BEEF","KG_CAP","A","1998",23.457,
"BRA","MEATCONSUMP","BEEF","KG_CAP","A","1999",24.953,
"BRA","MEATCONSUMP","BEEF","KG_CAP","A","2000",25.237,
"BRA","MEATCONSUMP","BEEF","KG_CAP","A","2001",24.993,
"BRA","MEATCONSUMP","BEEF","KG_CAP","A","2002",25.699,
"BRA","MEATCONSUMP","BEEF","KG_CAP","A","2003",29.696,
"BRA","MEATCONSUMP","BEEF","KG_CAP","A","2004",27.678,
"BRA","MEATCONSUMP","BEEF","KG_CAP","A","2005",29.722,
"BRA","MEATCONSUMP","BEEF","KG_CAP","A","2006",32.082,
"BRA","MEATCONSUMP","BEEF","KG_CAP","A","2007",30.758,
"BRA","MEATCONSUMP","BEEF","KG_CAP","A","2008",26.987,
"BRA","MEATCONSUMP","BEEF","KG_CAP","A","2009",25.673,
"BRA","MEATCONSUMP","BEEF","KG_CAP","A","2010",26.325,
"BRA","MEATCONSUMP","BEEF","KG_CAP","A","2011",25.903,
"BRA","MEATCONSUMP","BEEF","KG_CAP","A","2012",26.161,
"BRA","MEATCONSUMP","BEEF","KG_CAP","A","2013",27.765,
"BRA","MEATCONSUMP","BEEF","KG_CAP","A","2014",26.041,
"BRA","MEATCONSUMP","BEEF","KG_CAP","A","2015",24.968,
"BRA","MEATCONSUMP","BEEF","KG_CAP","A","2016",25.391,
"BRA","MEATCONSUMP","BEEF","KG_CAP","A","2017",25.373,
"BRA","MEATCONSUMP","BEEF","KG_CAP","A","2018",25.263,
"BRA","MEATCONSUMP","BEEF","KG_CAP","A","2019",25.187,
"BRA","MEATCONSUMP","BEEF","KG_CAP","A","2020",24.445,
"BRA","MEATCONSUMP","BEEF","KG_CAP","A","2021",24.605,
"BRA","MEATCONSUMP","BEEF","KG_CAP","A","2022",24.559,
"BRA","MEATCONSUMP","BEEF","KG_CAP","A","2023",24.618,
"BRA","MEATCONSUMP","BEEF","KG_CAP","A","2024",24.646,
"BRA","MEATCONSUMP","BEEF","KG_CAP","A","2025",24.754,
"BRA","MEATCONSUMP","BEEF","KG_CAP","A","2026",24.687,
"BRA","MEATCONSUMP","BEEF","KG_CAP","A","2027",24.595,
"BRA","MEATCONSUMP","BEEF","KG_CAP","A","2028",24.502,
"BRA","MEATCONSUMP","BEEF","KG_CAP","A","2029",24.434,
"CHL","MEATCONSUMP","BEEF","KG_CAP","A","1990",12.969,
"CHL","MEATCONSUMP","BEEF","KG_CAP","A","1991",12.568,
"CHL","MEATCONSUMP","BEEF","KG_CAP","A","1992",12.103,
"CHL","MEATCONSUMP","BEEF","KG_CAP","A","1993",13.6,
"CHL","MEATCONSUMP","BEEF","KG_CAP","A","1994",14.557,
"CHL","MEATCONSUMP","BEEF","KG_CAP","A","1995",15.833,
"CHL","MEATCONSUMP","BEEF","KG_CAP","A","1996",16.445,
"CHL","MEATCONSUMP","BEEF","KG_CAP","A","1997",17.479,
"CHL","MEATCONSUMP","BEEF","KG_CAP","A","1998",16.421,
"CHL","MEATCONSUMP","BEEF","KG_CAP","A","1999",15.401,
"CHL","MEATCONSUMP","BEEF","KG_CAP","A","2000",15.658,
"CHL","MEATCONSUMP","BEEF","KG_CAP","A","2001",14.054,
"CHL","MEATCONSUMP","BEEF","KG_CAP","A","2002",14.699,
"CHL","MEATCONSUMP","BEEF","KG_CAP","A","2003",15.894,
"CHL","MEATCONSUMP","BEEF","KG_CAP","A","2004",16.402,
"CHL","MEATCONSUMP","BEEF","KG_CAP","A","2005",17.445,
"CHL","MEATCONSUMP","BEEF","KG_CAP","A","2006",15.129,
"CHL","MEATCONSUMP","BEEF","KG_CAP","A","2007",16.218,
"CHL","MEATCONSUMP","BEEF","KG_CAP","A","2008",15.115,
"CHL","MEATCONSUMP","BEEF","KG_CAP","A","2009",15.154,
"CHL","MEATCONSUMP","BEEF","KG_CAP","A","2010",15.412,
"CHL","MEATCONSUMP","BEEF","KG_CAP","A","2011",14.162,
"CHL","MEATCONSUMP","BEEF","KG_CAP","A","2012",14.675,
"CHL","MEATCONSUMP","BEEF","KG_CAP","A","2013",17.161,
"CHL","MEATCONSUMP","BEEF","KG_CAP","A","2014",17.602,
"CHL","MEATCONSUMP","BEEF","KG_CAP","A","2015",17.441,
"CHL","MEATCONSUMP","BEEF","KG_CAP","A","2016",18.855,
"CHL","MEATCONSUMP","BEEF","KG_CAP","A","2017",17.548,
"CHL","MEATCONSUMP","BEEF","KG_CAP","A","2018",18.67,
"CHL","MEATCONSUMP","BEEF","KG_CAP","A","2019",20.118,
"CHL","MEATCONSUMP","BEEF","KG_CAP","A","2020",20.262,
"CHL","MEATCONSUMP","BEEF","KG_CAP","A","2021",20.461,
"CHL","MEATCONSUMP","BEEF","KG_CAP","A","2022",20.666,
"CHL","MEATCONSUMP","BEEF","KG_CAP","A","2023",20.859,
"CHL","MEATCONSUMP","BEEF","KG_CAP","A","2024",21.037,
"CHL","MEATCONSUMP","BEEF","KG_CAP","A","2025",21.201,
"CHL","MEATCONSUMP","BEEF","KG_CAP","A","2026",21.358,
"CHL","MEATCONSUMP","BEEF","KG_CAP","A","2027",21.509,
"CHL","MEATCONSUMP","BEEF","KG_CAP","A","2028",21.669,
"CHL","MEATCONSUMP","BEEF","KG_CAP","A","2029",21.831,
"CHN","MEATCONSUMP","BEEF","KG_CAP","A","1990",0.639,
"CHN","MEATCONSUMP","BEEF","KG_CAP","A","1991",0.75,
"CHN","MEATCONSUMP","BEEF","KG_CAP","A","1992",1.001,
"CHN","MEATCONSUMP","BEEF","KG_CAP","A","1993",1.256,
"CHN","MEATCONSUMP","BEEF","KG_CAP","A","1994",1.523,
"CHN","MEATCONSUMP","BEEF","KG_CAP","A","1995",1.954,
"CHN","MEATCONSUMP","BEEF","KG_CAP","A","1996",1.944,
"CHN","MEATCONSUMP","BEEF","KG_CAP","A","1997",2.402,
"CHN","MEATCONSUMP","BEEF","KG_CAP","A","1998",2.601,
"CHN","MEATCONSUMP","BEEF","KG_CAP","A","1999",2.739,
"CHN","MEATCONSUMP","BEEF","KG_CAP","A","2000",2.685,
"CHN","MEATCONSUMP","BEEF","KG_CAP","A","2001",2.716,
"CHN","MEATCONSUMP","BEEF","KG_CAP","A","2002",2.782,
"CHN","MEATCONSUMP","BEEF","KG_CAP","A","2003",2.864,
"CHN","MEATCONSUMP","BEEF","KG_CAP","A","2004",2.928,
"CHN","MEATCONSUMP","BEEF","KG_CAP","A","2005",2.934,
"CHN","MEATCONSUMP","BEEF","KG_CAP","A","2006",2.953,
"CHN","MEATCONSUMP","BEEF","KG_CAP","A","2007",3.127,
"CHN","MEATCONSUMP","BEEF","KG_CAP","A","2008",3.126,
"CHN","MEATCONSUMP","BEEF","KG_CAP","A","2009",3.193,
"CHN","MEATCONSUMP","BEEF","KG_CAP","A","2010",3.187,
"CHN","MEATCONSUMP","BEEF","KG_CAP","A","2011",3.073,
"CHN","MEATCONSUMP","BEEF","KG_CAP","A","2012",3.106,
"CHN","MEATCONSUMP","BEEF","KG_CAP","A","2013",3.23,
"CHN","MEATCONSUMP","BEEF","KG_CAP","A","2014",3.222,
"CHN","MEATCONSUMP","BEEF","KG_CAP","A","2015",3.329,
"CHN","MEATCONSUMP","BEEF","KG_CAP","A","2016",3.383,
"CHN","MEATCONSUMP","BEEF","KG_CAP","A","2017",3.523,
"CHN","MEATCONSUMP","BEEF","KG_CAP","A","2018",3.617,
"CHN","MEATCONSUMP","BEEF","KG_CAP","A","2019",4.086,
"CHN","MEATCONSUMP","BEEF","KG_CAP","A","2020",4.186,
"CHN","MEATCONSUMP","BEEF","KG_CAP","A","2021",4.143,
"CHN","MEATCONSUMP","BEEF","KG_CAP","A","2022",4.095,
"CHN","MEATCONSUMP","BEEF","KG_CAP","A","2023",4.047,
"CHN","MEATCONSUMP","BEEF","KG_CAP","A","2024",4.003,
"CHN","MEATCONSUMP","BEEF","KG_CAP","A","2025",3.962,
"CHN","MEATCONSUMP","BEEF","KG_CAP","A","2026",3.973,
"CHN","MEATCONSUMP","BEEF","KG_CAP","A","2027",3.978,
"CHN","MEATCONSUMP","BEEF","KG_CAP","A","2028",3.986,
"CHN","MEATCONSUMP","BEEF","KG_CAP","A","2029",3.993,
"COL","MEATCONSUMP","BEEF","KG_CAP","A","1990",15.011,
"COL","MEATCONSUMP","BEEF","KG_CAP","A","1991",13.559,
"COL","MEATCONSUMP","BEEF","KG_CAP","A","1992",11.556,
"COL","MEATCONSUMP","BEEF","KG_CAP","A","1993",11.627,
"COL","MEATCONSUMP","BEEF","KG_CAP","A","1994",12.319,
"COL","MEATCONSUMP","BEEF","KG_CAP","A","1995",13.129,
"COL","MEATCONSUMP","BEEF","KG_CAP","A","1996",13.461,
"COL","MEATCONSUMP","BEEF","KG_CAP","A","1997",13.855,
"COL","MEATCONSUMP","BEEF","KG_CAP","A","1998",13.656,
"COL","MEATCONSUMP","BEEF","KG_CAP","A","1999",12.602,
"COL","MEATCONSUMP","BEEF","KG_CAP","A","2000",12.984,
"COL","MEATCONSUMP","BEEF","KG_CAP","A","2001",11.866,
"COL","MEATCONSUMP","BEEF","KG_CAP","A","2002",11.36,
"COL","MEATCONSUMP","BEEF","KG_CAP","A","2003",10.6,
"COL","MEATCONSUMP","BEEF","KG_CAP","A","2004",11.548,
"COL","MEATCONSUMP","BEEF","KG_CAP","A","2005",12.659,
"COL","MEATCONSUMP","BEEF","KG_CAP","A","2006",12.852,
"COL","MEATCONSUMP","BEEF","KG_CAP","A","2007",12.24,
"COL","MEATCONSUMP","BEEF","KG_CAP","A","2008",11.91,
"COL","MEATCONSUMP","BEEF","KG_CAP","A","2009",10.891,
"COL","MEATCONSUMP","BEEF","KG_CAP","A","2010",11.681,
"COL","MEATCONSUMP","BEEF","KG_CAP","A","2011",12.32,
"COL","MEATCONSUMP","BEEF","KG_CAP","A","2012",12.633,
"COL","MEATCONSUMP","BEEF","KG_CAP","A","2013",12.112,
"COL","MEATCONSUMP","BEEF","KG_CAP","A","2014",12.17,
"COL","MEATCONSUMP","BEEF","KG_CAP","A","2015",12.277,
"COL","MEATCONSUMP","BEEF","KG_CAP","A","2016",11.335,
"COL","MEATCONSUMP","BEEF","KG_CAP","A","2017",10.49,
"COL","MEATCONSUMP","BEEF","KG_CAP","A","2018",10.624,
"COL","MEATCONSUMP","BEEF","KG_CAP","A","2019",8.53,
"COL","MEATCONSUMP","BEEF","KG_CAP","A","2020",8.62,
"COL","MEATCONSUMP","BEEF","KG_CAP","A","2021",8.717,
"COL","MEATCONSUMP","BEEF","KG_CAP","A","2022",8.81,
"COL","MEATCONSUMP","BEEF","KG_CAP","A","2023",8.906,
"COL","MEATCONSUMP","BEEF","KG_CAP","A","2024",9.003,
"COL","MEATCONSUMP","BEEF","KG_CAP","A","2025",9.103,
"COL","MEATCONSUMP","BEEF","KG_CAP","A","2026",9.203,
"COL","MEATCONSUMP","BEEF","KG_CAP","A","2027",9.303,
"COL","MEATCONSUMP","BEEF","KG_CAP","A","2028",9.406,
"COL","MEATCONSUMP","BEEF","KG_CAP","A","2029",9.51,
"EGY","MEATCONSUMP","BEEF","KG_CAP","A","1990",4.907,
"EGY","MEATCONSUMP","BEEF","KG_CAP","A","1991",5.562,
"EGY","MEATCONSUMP","BEEF","KG_CAP","A","1992",5.441,
"EGY","MEATCONSUMP","BEEF","KG_CAP","A","1993",6.053,
"EGY","MEATCONSUMP","BEEF","KG_CAP","A","1994",6.229,
"EGY","MEATCONSUMP","BEEF","KG_CAP","A","1995",5.983,
"EGY","MEATCONSUMP","BEEF","KG_CAP","A","1996",6.18,
"EGY","MEATCONSUMP","BEEF","KG_CAP","A","1997",6.745,
"EGY","MEATCONSUMP","BEEF","KG_CAP","A","1998",6.797,
"EGY","MEATCONSUMP","BEEF","KG_CAP","A","1999",7.039,
"EGY","MEATCONSUMP","BEEF","KG_CAP","A","2000",7.7,
"EGY","MEATCONSUMP","BEEF","KG_CAP","A","2001",6.431,
"EGY","MEATCONSUMP","BEEF","KG_CAP","A","2002",7.868,
"EGY","MEATCONSUMP","BEEF","KG_CAP","A","2003",7.333,
"EGY","MEATCONSUMP","BEEF","KG_CAP","A","2004",7.464,
"EGY","MEATCONSUMP","BEEF","KG_CAP","A","2005",8.261,
"EGY","MEATCONSUMP","BEEF","KG_CAP","A","2006",9.121,
"EGY","MEATCONSUMP","BEEF","KG_CAP","A","2007",9.289,
"EGY","MEATCONSUMP","BEEF","KG_CAP","A","2008",8.393,
"EGY","MEATCONSUMP","BEEF","KG_CAP","A","2009",8.549,
"EGY","MEATCONSUMP","BEEF","KG_CAP","A","2010",9.283,
"EGY","MEATCONSUMP","BEEF","KG_CAP","A","2011",8.694,
"EGY","MEATCONSUMP","BEEF","KG_CAP","A","2012",9.296,
"EGY","MEATCONSUMP","BEEF","KG_CAP","A","2013",8.951,
"EGY","MEATCONSUMP","BEEF","KG_CAP","A","2014",9.179,
"EGY","MEATCONSUMP","BEEF","KG_CAP","A","2015",9.117,
"EGY","MEATCONSUMP","BEEF","KG_CAP","A","2016",8.881,
"EGY","MEATCONSUMP","BEEF","KG_CAP","A","2017",8.176,
"EGY","MEATCONSUMP","BEEF","KG_CAP","A","2018",7.721,
"EGY","MEATCONSUMP","BEEF","KG_CAP","A","2019",7.819,
"EGY","MEATCONSUMP","BEEF","KG_CAP","A","2020",7.8,
"EGY","MEATCONSUMP","BEEF","KG_CAP","A","2021",7.84,
"EGY","MEATCONSUMP","BEEF","KG_CAP","A","2022",7.863,
"EGY","MEATCONSUMP","BEEF","KG_CAP","A","2023",7.887,
"EGY","MEATCONSUMP","BEEF","KG_CAP","A","2024",7.914,
"EGY","MEATCONSUMP","BEEF","KG_CAP","A","2025",7.946,
"EGY","MEATCONSUMP","BEEF","KG_CAP","A","2026",7.965,
"EGY","MEATCONSUMP","BEEF","KG_CAP","A","2027",7.986,
"EGY","MEATCONSUMP","BEEF","KG_CAP","A","2028",8.006,
"EGY","MEATCONSUMP","BEEF","KG_CAP","A","2029",8.027,
"ETH","MEATCONSUMP","BEEF","KG_CAP","A","1990",0,
"ETH","MEATCONSUMP","BEEF","KG_CAP","A","1991",0,
"ETH","MEATCONSUMP","BEEF","KG_CAP","A","1992",0,
"ETH","MEATCONSUMP","BEEF","KG_CAP","A","1993",3.008,
"ETH","MEATCONSUMP","BEEF","KG_CAP","A","1994",2.904,
"ETH","MEATCONSUMP","BEEF","KG_CAP","A","1995",2.87,
"ETH","MEATCONSUMP","BEEF","KG_CAP","A","1996",3.159,
"ETH","MEATCONSUMP","BEEF","KG_CAP","A","1997",3.099,
"ETH","MEATCONSUMP","BEEF","KG_CAP","A","1998",3.054,
"ETH","MEATCONSUMP","BEEF","KG_CAP","A","1999",3.141,
"ETH","MEATCONSUMP","BEEF","KG_CAP","A","2000",3.093,
"ETH","MEATCONSUMP","BEEF","KG_CAP","A","2001",3.102,
"ETH","MEATCONSUMP","BEEF","KG_CAP","A","2002",3.5,
"ETH","MEATCONSUMP","BEEF","KG_CAP","A","2003",3.264,
"ETH","MEATCONSUMP","BEEF","KG_CAP","A","2004",3.152,
"ETH","MEATCONSUMP","BEEF","KG_CAP","A","2005",3.196,
"ETH","MEATCONSUMP","BEEF","KG_CAP","A","2006",3.32,
"ETH","MEATCONSUMP","BEEF","KG_CAP","A","2007",3.137,
"ETH","MEATCONSUMP","BEEF","KG_CAP","A","2008",3.198,
"ETH","MEATCONSUMP","BEEF","KG_CAP","A","2009",2.907,
"ETH","MEATCONSUMP","BEEF","KG_CAP","A","2010",3.345,
"ETH","MEATCONSUMP","BEEF","KG_CAP","A","2011",3.186,
"ETH","MEATCONSUMP","BEEF","KG_CAP","A","2012",2.557,
"ETH","MEATCONSUMP","BEEF","KG_CAP","A","2013",2.513,
"ETH","MEATCONSUMP","BEEF","KG_CAP","A","2014",2.738,
"ETH","MEATCONSUMP","BEEF","KG_CAP","A","2015",2.74,
"ETH","MEATCONSUMP","BEEF","KG_CAP","A","2016",2.654,
"ETH","MEATCONSUMP","BEEF","KG_CAP","A","2017",2.611,
"ETH","MEATCONSUMP","BEEF","KG_CAP","A","2018",2.539,
"ETH","MEATCONSUMP","BEEF","KG_CAP","A","2019",2.497,
"ETH","MEATCONSUMP","BEEF","KG_CAP","A","2020",2.486,
"ETH","MEATCONSUMP","BEEF","KG_CAP","A","2021",2.484,
"ETH","MEATCONSUMP","BEEF","KG_CAP","A","2022",2.479,
"ETH","MEATCONSUMP","BEEF","KG_CAP","A","2023",2.473,
"ETH","MEATCONSUMP","BEEF","KG_CAP","A","2024",2.467,
"ETH","MEATCONSUMP","BEEF","KG_CAP","A","2025",2.463,
"ETH","MEATCONSUMP","BEEF","KG_CAP","A","2026",2.457,
"ETH","MEATCONSUMP","BEEF","KG_CAP","A","2027",2.451,
"ETH","MEATCONSUMP","BEEF","KG_CAP","A","2028",2.446,
"ETH","MEATCONSUMP","BEEF","KG_CAP","A","2029",2.441,
"IND","MEATCONSUMP","BEEF","KG_CAP","A","1990",1.65,
"IND","MEATCONSUMP","BEEF","KG_CAP","A","1991",1.623,
"IND","MEATCONSUMP","BEEF","KG_CAP","A","1992",1.616,
"IND","MEATCONSUMP","BEEF","KG_CAP","A","1993",1.576,
"IND","MEATCONSUMP","BEEF","KG_CAP","A","1994",1.542,
"IND","MEATCONSUMP","BEEF","KG_CAP","A","1995",1.488,
"IND","MEATCONSUMP","BEEF","KG_CAP","A","1996",1.468,
"IND","MEATCONSUMP","BEEF","KG_CAP","A","1997",1.435,
"IND","MEATCONSUMP","BEEF","KG_CAP","A","1998",1.427,
"IND","MEATCONSUMP","BEEF","KG_CAP","A","1999",1.396,
"IND","MEATCONSUMP","BEEF","KG_CAP","A","2000",1.299,
"IND","MEATCONSUMP","BEEF","KG_CAP","A","2001",1.31,
"IND","MEATCONSUMP","BEEF","KG_CAP","A","2002",1.257,
"IND","MEATCONSUMP","BEEF","KG_CAP","A","2003",1.18,
"IND","MEATCONSUMP","BEEF","KG_CAP","A","2004",1.156,
"IND","MEATCONSUMP","BEEF","KG_CAP","A","2005",1.089,
"IND","MEATCONSUMP","BEEF","KG_CAP","A","2006",1.064,
"IND","MEATCONSUMP","BEEF","KG_CAP","A","2007",1.071,
"IND","MEATCONSUMP","BEEF","KG_CAP","A","2008",1.066,
"IND","MEATCONSUMP","BEEF","KG_CAP","A","2009",1.094,
"IND","MEATCONSUMP","BEEF","KG_CAP","A","2010",0.936,
"IND","MEATCONSUMP","BEEF","KG_CAP","A","2011",0.752,
"IND","MEATCONSUMP","BEEF","KG_CAP","A","2012",0.67,
"IND","MEATCONSUMP","BEEF","KG_CAP","A","2013",0.457,
"IND","MEATCONSUMP","BEEF","KG_CAP","A","2014",0.348,
"IND","MEATCONSUMP","BEEF","KG_CAP","A","2015",0.449,
"IND","MEATCONSUMP","BEEF","KG_CAP","A","2016",0.469,
"IND","MEATCONSUMP","BEEF","KG_CAP","A","2017",0.427,
"IND","MEATCONSUMP","BEEF","KG_CAP","A","2018",0.563,
"IND","MEATCONSUMP","BEEF","KG_CAP","A","2019",0.532,
"IND","MEATCONSUMP","BEEF","KG_CAP","A","2020",0.532,
"IND","MEATCONSUMP","BEEF","KG_CAP","A","2021",0.536,
"IND","MEATCONSUMP","BEEF","KG_CAP","A","2022",0.538,
"IND","MEATCONSUMP","BEEF","KG_CAP","A","2023",0.541,
"IND","MEATCONSUMP","BEEF","KG_CAP","A","2024",0.542,
"IND","MEATCONSUMP","BEEF","KG_CAP","A","2025",0.546,
"IND","MEATCONSUMP","BEEF","KG_CAP","A","2026",0.548,
"IND","MEATCONSUMP","BEEF","KG_CAP","A","2027",0.55,
"IND","MEATCONSUMP","BEEF","KG_CAP","A","2028",0.552,
"IND","MEATCONSUMP","BEEF","KG_CAP","A","2029",0.552,
"IDN","MEATCONSUMP","BEEF","KG_CAP","A","1990",1.18,
"IDN","MEATCONSUMP","BEEF","KG_CAP","A","1991",1.188,
"IDN","MEATCONSUMP","BEEF","KG_CAP","A","1992",1.292,
"IDN","MEATCONSUMP","BEEF","KG_CAP","A","1993",1.475,
"IDN","MEATCONSUMP","BEEF","KG_CAP","A","1994",1.413,
"IDN","MEATCONSUMP","BEEF","KG_CAP","A","1995",1.314,
"IDN","MEATCONSUMP","BEEF","KG_CAP","A","1996",1.46,
"IDN","MEATCONSUMP","BEEF","KG_CAP","A","1997",1.492,
"IDN","MEATCONSUMP","BEEF","KG_CAP","A","1998",1.364,
"IDN","MEATCONSUMP","BEEF","KG_CAP","A","1999",1.289,
"IDN","MEATCONSUMP","BEEF","KG_CAP","A","2000",1.398,
"IDN","MEATCONSUMP","BEEF","KG_CAP","A","2001",1.32,
"IDN","MEATCONSUMP","BEEF","KG_CAP","A","2002",1.249,
"IDN","MEATCONSUMP","BEEF","KG_CAP","A","2003",1.338,
"IDN","MEATCONSUMP","BEEF","KG_CAP","A","2004",1.579,
"IDN","MEATCONSUMP","BEEF","KG_CAP","A","2005",1.312,
"IDN","MEATCONSUMP","BEEF","KG_CAP","A","2006",1.443,
"IDN","MEATCONSUMP","BEEF","KG_CAP","A","2007",1.303,
"IDN","MEATCONSUMP","BEEF","KG_CAP","A","2008",1.454,
"IDN","MEATCONSUMP","BEEF","KG_CAP","A","2009",1.557,
"IDN","MEATCONSUMP","BEEF","KG_CAP","A","2010",1.702,
"IDN","MEATCONSUMP","BEEF","KG_CAP","A","2011",1.721,
"IDN","MEATCONSUMP","BEEF","KG_CAP","A","2012",1.662,
"IDN","MEATCONSUMP","BEEF","KG_CAP","A","2013",1.682,
"IDN","MEATCONSUMP","BEEF","KG_CAP","A","2014",1.732,
"IDN","MEATCONSUMP","BEEF","KG_CAP","A","2015",1.658,
"IDN","MEATCONSUMP","BEEF","KG_CAP","A","2016",1.888,
"IDN","MEATCONSUMP","BEEF","KG_CAP","A","2017",1.89,
"IDN","MEATCONSUMP","BEEF","KG_CAP","A","2018",2.034,
"IDN","MEATCONSUMP","BEEF","KG_CAP","A","2019",2.159,
"IDN","MEATCONSUMP","BEEF","KG_CAP","A","2020",2.178,
"IDN","MEATCONSUMP","BEEF","KG_CAP","A","2021",2.203,
"IDN","MEATCONSUMP","BEEF","KG_CAP","A","2022",2.226,
"IDN","MEATCONSUMP","BEEF","KG_CAP","A","2023",2.25,
"IDN","MEATCONSUMP","BEEF","KG_CAP","A","2024",2.274,
"IDN","MEATCONSUMP","BEEF","KG_CAP","A","2025",2.301,
"IDN","MEATCONSUMP","BEEF","KG_CAP","A","2026",2.327,
"IDN","MEATCONSUMP","BEEF","KG_CAP","A","2027",2.355,
"IDN","MEATCONSUMP","BEEF","KG_CAP","A","2028",2.384,
"IDN","MEATCONSUMP","BEEF","KG_CAP","A","2029",2.414,
"IRN","MEATCONSUMP","BEEF","KG_CAP","A","1990",4.302,
"IRN","MEATCONSUMP","BEEF","KG_CAP","A","1991",3.56,
"IRN","MEATCONSUMP","BEEF","KG_CAP","A","1992",3.436,
"IRN","MEATCONSUMP","BEEF","KG_CAP","A","1993",3.858,
"IRN","MEATCONSUMP","BEEF","KG_CAP","A","1994",3.708,
"IRN","MEATCONSUMP","BEEF","KG_CAP","A","1995",3.57,
"IRN","MEATCONSUMP","BEEF","KG_CAP","A","1996",4.388,
"IRN","MEATCONSUMP","BEEF","KG_CAP","A","1997",4.317,
"IRN","MEATCONSUMP","BEEF","KG_CAP","A","1998",4.265,
"IRN","MEATCONSUMP","BEEF","KG_CAP","A","1999",3.523,
"IRN","MEATCONSUMP","BEEF","KG_CAP","A","2000",3.291,
"IRN","MEATCONSUMP","BEEF","KG_CAP","A","2001",3.558,
"IRN","MEATCONSUMP","BEEF","KG_CAP","A","2002",3.867,
"IRN","MEATCONSUMP","BEEF","KG_CAP","A","2003",3.809,
"IRN","MEATCONSUMP","BEEF","KG_CAP","A","2004",4.214,
"IRN","MEATCONSUMP","BEEF","KG_CAP","A","2005",3.954,
"IRN","MEATCONSUMP","BEEF","KG_CAP","A","2006",4.726,
"IRN","MEATCONSUMP","BEEF","KG_CAP","A","2007",4.961,
"IRN","MEATCONSUMP","BEEF","KG_CAP","A","2008",4.426,
"IRN","MEATCONSUMP","BEEF","KG_CAP","A","2009",4.45,
"IRN","MEATCONSUMP","BEEF","KG_CAP","A","2010",5.647,
"IRN","MEATCONSUMP","BEEF","KG_CAP","A","2011",5.192,
"IRN","MEATCONSUMP","BEEF","KG_CAP","A","2012",4.561,
"IRN","MEATCONSUMP","BEEF","KG_CAP","A","2013",4.496,
"IRN","MEATCONSUMP","BEEF","KG_CAP","A","2014",4.784,
"IRN","MEATCONSUMP","BEEF","KG_CAP","A","2015",5.007,
"IRN","MEATCONSUMP","BEEF","KG_CAP","A","2016",5.274,
"IRN","MEATCONSUMP","BEEF","KG_CAP","A","2017",5.459,
"IRN","MEATCONSUMP","BEEF","KG_CAP","A","2018",5.65,
"IRN","MEATCONSUMP","BEEF","KG_CAP","A","2019",5.711,
"IRN","MEATCONSUMP","BEEF","KG_CAP","A","2020",5.77,
"IRN","MEATCONSUMP","BEEF","KG_CAP","A","2021",5.852,
"IRN","MEATCONSUMP","BEEF","KG_CAP","A","2022",5.926,
"IRN","MEATCONSUMP","BEEF","KG_CAP","A","2023",6,
"IRN","MEATCONSUMP","BEEF","KG_CAP","A","2024",6.075,
"IRN","MEATCONSUMP","BEEF","KG_CAP","A","2025",6.152,
"IRN","MEATCONSUMP","BEEF","KG_CAP","A","2026",6.223,
"IRN","MEATCONSUMP","BEEF","KG_CAP","A","2027",6.295,
"IRN","MEATCONSUMP","BEEF","KG_CAP","A","2028",6.366,
"IRN","MEATCONSUMP","BEEF","KG_CAP","A","2029",6.439,
"ISR","MEATCONSUMP","BEEF","KG_CAP","A","1990",9.966,
"ISR","MEATCONSUMP","BEEF","KG_CAP","A","1991",12.32,
"ISR","MEATCONSUMP","BEEF","KG_CAP","A","1992",10.094,
"ISR","MEATCONSUMP","BEEF","KG_CAP","A","1993",10.652,
"ISR","MEATCONSUMP","BEEF","KG_CAP","A","1994",13.894,
"ISR","MEATCONSUMP","BEEF","KG_CAP","A","1995",12.343,
"ISR","MEATCONSUMP","BEEF","KG_CAP","A","1996",13.616,
"ISR","MEATCONSUMP","BEEF","KG_CAP","A","1997",14.431,
"ISR","MEATCONSUMP","BEEF","KG_CAP","A","1998",13.659,
"ISR","MEATCONSUMP","BEEF","KG_CAP","A","1999",13.468,
"ISR","MEATCONSUMP","BEEF","KG_CAP","A","2000",16.532,
"ISR","MEATCONSUMP","BEEF","KG_CAP","A","2001",15.167,
"ISR","MEATCONSUMP","BEEF","KG_CAP","A","2002",17.774,
"ISR","MEATCONSUMP","BEEF","KG_CAP","A","2003",18.342,
"ISR","MEATCONSUMP","BEEF","KG_CAP","A","2004",8.98,
"ISR","MEATCONSUMP","BEEF","KG_CAP","A","2005",16.87,
"ISR","MEATCONSUMP","BEEF","KG_CAP","A","2006",21.967,
"ISR","MEATCONSUMP","BEEF","KG_CAP","A","2007",19.333,
"ISR","MEATCONSUMP","BEEF","KG_CAP","A","2008",23.448,
"ISR","MEATCONSUMP","BEEF","KG_CAP","A","2009",17.855,
"ISR","MEATCONSUMP","BEEF","KG_CAP","A","2010",18.893,
"ISR","MEATCONSUMP","BEEF","KG_CAP","A","2011",19.583,
"ISR","MEATCONSUMP","BEEF","KG_CAP","A","2012",18.165,
"ISR","MEATCONSUMP","BEEF","KG_CAP","A","2013",23.298,
"ISR","MEATCONSUMP","BEEF","KG_CAP","A","2014",18.672,
"ISR","MEATCONSUMP","BEEF","KG_CAP","A","2015",18.7,
"ISR","MEATCONSUMP","BEEF","KG_CAP","A","2016",20.296,
"ISR","MEATCONSUMP","BEEF","KG_CAP","A","2017",20.909,
"ISR","MEATCONSUMP","BEEF","KG_CAP","A","2018",22.851,
"ISR","MEATCONSUMP","BEEF","KG_CAP","A","2019",23.16,
"ISR","MEATCONSUMP","BEEF","KG_CAP","A","2020",23.214,
"ISR","MEATCONSUMP","BEEF","KG_CAP","A","2021",23.295,
"ISR","MEATCONSUMP","BEEF","KG_CAP","A","2022",23.378,
"ISR","MEATCONSUMP","BEEF","KG_CAP","A","2023",23.467,
"ISR","MEATCONSUMP","BEEF","KG_CAP","A","2024",23.563,
"ISR","MEATCONSUMP","BEEF","KG_CAP","A","2025",23.665,
"ISR","MEATCONSUMP","BEEF","KG_CAP","A","2026",23.768,
"ISR","MEATCONSUMP","BEEF","KG_CAP","A","2027",23.876,
"ISR","MEATCONSUMP","BEEF","KG_CAP","A","2028",23.988,
"ISR","MEATCONSUMP","BEEF","KG_CAP","A","2029",24.105,
"KAZ","MEATCONSUMP","BEEF","KG_CAP","A","1990",0,
"KAZ","MEATCONSUMP","BEEF","KG_CAP","A","1991",0,
"KAZ","MEATCONSUMP","BEEF","KG_CAP","A","1992",25.195,
"KAZ","MEATCONSUMP","BEEF","KG_CAP","A","1993",27.851,
"KAZ","MEATCONSUMP","BEEF","KG_CAP","A","1994",26.532,
"KAZ","MEATCONSUMP","BEEF","KG_CAP","A","1995",22.513,
"KAZ","MEATCONSUMP","BEEF","KG_CAP","A","1996",19.45,
"KAZ","MEATCONSUMP","BEEF","KG_CAP","A","1997",16.361,
"KAZ","MEATCONSUMP","BEEF","KG_CAP","A","1998",15.689,
"KAZ","MEATCONSUMP","BEEF","KG_CAP","A","1999",15.725,
"KAZ","MEATCONSUMP","BEEF","KG_CAP","A","2000",14.607,
"KAZ","MEATCONSUMP","BEEF","KG_CAP","A","2001",13.929,
"KAZ","MEATCONSUMP","BEEF","KG_CAP","A","2002",14.239,
"KAZ","MEATCONSUMP","BEEF","KG_CAP","A","2003",15.029,
"KAZ","MEATCONSUMP","BEEF","KG_CAP","A","2004",15.742,
"KAZ","MEATCONSUMP","BEEF","KG_CAP","A","2005",16.8,
"KAZ","MEATCONSUMP","BEEF","KG_CAP","A","2006",18.096,
"KAZ","MEATCONSUMP","BEEF","KG_CAP","A","2007",19.274,
"KAZ","MEATCONSUMP","BEEF","KG_CAP","A","2008",19.537,
"KAZ","MEATCONSUMP","BEEF","KG_CAP","A","2009",18.667,
"KAZ","MEATCONSUMP","BEEF","KG_CAP","A","2010",18.486,
"KAZ","MEATCONSUMP","BEEF","KG_CAP","A","2011",18.631,
"KAZ","MEATCONSUMP","BEEF","KG_CAP","A","2012",18.07,
"KAZ","MEATCONSUMP","BEEF","KG_CAP","A","2013",18.322,
"KAZ","MEATCONSUMP","BEEF","KG_CAP","A","2014",18.378,
"KAZ","MEATCONSUMP","BEEF","KG_CAP","A","2015",18.462,
"KAZ","MEATCONSUMP","BEEF","KG_CAP","A","2016",18.403,
"KAZ","MEATCONSUMP","BEEF","KG_CAP","A","2017",19.155,
"KAZ","MEATCONSUMP","BEEF","KG_CAP","A","2018",19.779,
"KAZ","MEATCONSUMP","BEEF","KG_CAP","A","2019",19.698,
"KAZ","MEATCONSUMP","BEEF","KG_CAP","A","2020",19.828,
"KAZ","MEATCONSUMP","BEEF","KG_CAP","A","2021",19.932,
"KAZ","MEATCONSUMP","BEEF","KG_CAP","A","2022",20.073,
"KAZ","MEATCONSUMP","BEEF","KG_CAP","A","2023",20.284,
"KAZ","MEATCONSUMP","BEEF","KG_CAP","A","2024",20.397,
"KAZ","MEATCONSUMP","BEEF","KG_CAP","A","2025",20.506,
"KAZ","MEATCONSUMP","BEEF","KG_CAP","A","2026",20.602,
"KAZ","MEATCONSUMP","BEEF","KG_CAP","A","2027",20.698,
"KAZ","MEATCONSUMP","BEEF","KG_CAP","A","2028",20.795,
"KAZ","MEATCONSUMP","BEEF","KG_CAP","A","2029",20.891,
"MYS","MEATCONSUMP","BEEF","KG_CAP","A","1990",2.584,
"MYS","MEATCONSUMP","BEEF","KG_CAP","A","1991",2.912,
"MYS","MEATCONSUMP","BEEF","KG_CAP","A","1992",2.949,
"MYS","MEATCONSUMP","BEEF","KG_CAP","A","1993",3.001,
"MYS","MEATCONSUMP","BEEF","KG_CAP","A","1994",3.235,
"MYS","MEATCONSUMP","BEEF","KG_CAP","A","1995",3.53,
"MYS","MEATCONSUMP","BEEF","KG_CAP","A","1996",3.826,
"MYS","MEATCONSUMP","BEEF","KG_CAP","A","1997",3.743,
"MYS","MEATCONSUMP","BEEF","KG_CAP","A","1998",3.276,
"MYS","MEATCONSUMP","BEEF","KG_CAP","A","1999",3.549,
"MYS","MEATCONSUMP","BEEF","KG_CAP","A","2000",4.203,
"MYS","MEATCONSUMP","BEEF","KG_CAP","A","2001",2.491,
"MYS","MEATCONSUMP","BEEF","KG_CAP","A","2002",4.403,
"MYS","MEATCONSUMP","BEEF","KG_CAP","A","2003",4.354,
"MYS","MEATCONSUMP","BEEF","KG_CAP","A","2004",5.203,
"MYS","MEATCONSUMP","BEEF","KG_CAP","A","2005",5.105,
"MYS","MEATCONSUMP","BEEF","KG_CAP","A","2006",4.832,
"MYS","MEATCONSUMP","BEEF","KG_CAP","A","2007",4.717,
"MYS","MEATCONSUMP","BEEF","KG_CAP","A","2008",4.258,
"MYS","MEATCONSUMP","BEEF","KG_CAP","A","2009",4.562,
"MYS","MEATCONSUMP","BEEF","KG_CAP","A","2010",4.587,
"MYS","MEATCONSUMP","BEEF","KG_CAP","A","2011",4.835,
"MYS","MEATCONSUMP","BEEF","KG_CAP","A","2012",4.928,
"MYS","MEATCONSUMP","BEEF","KG_CAP","A","2013",5.322,
"MYS","MEATCONSUMP","BEEF","KG_CAP","A","2014",5.387,
"MYS","MEATCONSUMP","BEEF","KG_CAP","A","2015",5.823,
"MYS","MEATCONSUMP","BEEF","KG_CAP","A","2016",5.403,
"MYS","MEATCONSUMP","BEEF","KG_CAP","A","2017",5.219,
"MYS","MEATCONSUMP","BEEF","KG_CAP","A","2018",5.297,
"MYS","MEATCONSUMP","BEEF","KG_CAP","A","2019",5.325,
"MYS","MEATCONSUMP","BEEF","KG_CAP","A","2020",5.409,
"MYS","MEATCONSUMP","BEEF","KG_CAP","A","2021",5.524,
"MYS","MEATCONSUMP","BEEF","KG_CAP","A","2022",5.627,
"MYS","MEATCONSUMP","BEEF","KG_CAP","A","2023",5.727,
"MYS","MEATCONSUMP","BEEF","KG_CAP","A","2024",5.822,
"MYS","MEATCONSUMP","BEEF","KG_CAP","A","2025",5.911,
"MYS","MEATCONSUMP","BEEF","KG_CAP","A","2026",6,
"MYS","MEATCONSUMP","BEEF","KG_CAP","A","2027",6.081,
"MYS","MEATCONSUMP","BEEF","KG_CAP","A","2028",6.166,
"MYS","MEATCONSUMP","BEEF","KG_CAP","A","2029",6.251,
"NGA","MEATCONSUMP","BEEF","KG_CAP","A","1990",1.501,
"NGA","MEATCONSUMP","BEEF","KG_CAP","A","1991",1.474,
"NGA","MEATCONSUMP","BEEF","KG_CAP","A","1992",1.469,
"NGA","MEATCONSUMP","BEEF","KG_CAP","A","1993",1.665,
"NGA","MEATCONSUMP","BEEF","KG_CAP","A","1994",1.761,
"NGA","MEATCONSUMP","BEEF","KG_CAP","A","1995",1.731,
"NGA","MEATCONSUMP","BEEF","KG_CAP","A","1996",1.776,
"NGA","MEATCONSUMP","BEEF","KG_CAP","A","1997",1.82,
"NGA","MEATCONSUMP","BEEF","KG_CAP","A","1998",1.795,
"NGA","MEATCONSUMP","BEEF","KG_CAP","A","1999",1.753,
"NGA","MEATCONSUMP","BEEF","KG_CAP","A","2000",1.597,
"NGA","MEATCONSUMP","BEEF","KG_CAP","A","2001",1.764,
"NGA","MEATCONSUMP","BEEF","KG_CAP","A","2002",1.947,
"NGA","MEATCONSUMP","BEEF","KG_CAP","A","2003",1.64,
"NGA","MEATCONSUMP","BEEF","KG_CAP","A","2004",1.672,
"NGA","MEATCONSUMP","BEEF","KG_CAP","A","2005",1.54,
"NGA","MEATCONSUMP","BEEF","KG_CAP","A","2006",1.275,
"NGA","MEATCONSUMP","BEEF","KG_CAP","A","2007",1.568,
"NGA","MEATCONSUMP","BEEF","KG_CAP","A","2008",1.528,
"NGA","MEATCONSUMP","BEEF","KG_CAP","A","2009",1.497,
"NGA","MEATCONSUMP","BEEF","KG_CAP","A","2010",1.357,
"NGA","MEATCONSUMP","BEEF","KG_CAP","A","2011",1.508,
"NGA","MEATCONSUMP","BEEF","KG_CAP","A","2012",1.21,
"NGA","MEATCONSUMP","BEEF","KG_CAP","A","2013",1.544,
"NGA","MEATCONSUMP","BEEF","KG_CAP","A","2014",1.511,
"NGA","MEATCONSUMP","BEEF","KG_CAP","A","2015",1.483,
"NGA","MEATCONSUMP","BEEF","KG_CAP","A","2016",1.393,
"NGA","MEATCONSUMP","BEEF","KG_CAP","A","2017",1.368,
"NGA","MEATCONSUMP","BEEF","KG_CAP","A","2018",1.343,
"NGA","MEATCONSUMP","BEEF","KG_CAP","A","2019",1.313,
"NGA","MEATCONSUMP","BEEF","KG_CAP","A","2020",1.306,
"NGA","MEATCONSUMP","BEEF","KG_CAP","A","2021",1.3,
"NGA","MEATCONSUMP","BEEF","KG_CAP","A","2022",1.301,
"NGA","MEATCONSUMP","BEEF","KG_CAP","A","2023",1.297,
"NGA","MEATCONSUMP","BEEF","KG_CAP","A","2024",1.293,
"NGA","MEATCONSUMP","BEEF","KG_CAP","A","2025",1.286,
"NGA","MEATCONSUMP","BEEF","KG_CAP","A","2026",1.278,
"NGA","MEATCONSUMP","BEEF","KG_CAP","A","2027",1.27,
"NGA","MEATCONSUMP","BEEF","KG_CAP","A","2028",1.263,
"NGA","MEATCONSUMP","BEEF","KG_CAP","A","2029",1.255,
"PAK","MEATCONSUMP","BEEF","KG_CAP","A","1990",4.334,
"PAK","MEATCONSUMP","BEEF","KG_CAP","A","1991",4.398,
"PAK","MEATCONSUMP","BEEF","KG_CAP","A","1992",4.498,
"PAK","MEATCONSUMP","BEEF","KG_CAP","A","1993",4.603,
"PAK","MEATCONSUMP","BEEF","KG_CAP","A","1994",4.716,
"PAK","MEATCONSUMP","BEEF","KG_CAP","A","1995",4.826,
"PAK","MEATCONSUMP","BEEF","KG_CAP","A","1996",3.984,
"PAK","MEATCONSUMP","BEEF","KG_CAP","A","1997",4.484,
"PAK","MEATCONSUMP","BEEF","KG_CAP","A","1998",4.477,
"PAK","MEATCONSUMP","BEEF","KG_CAP","A","1999",4.481,
"PAK","MEATCONSUMP","BEEF","KG_CAP","A","2000",4.477,
"PAK","MEATCONSUMP","BEEF","KG_CAP","A","2001",4.489,
"PAK","MEATCONSUMP","BEEF","KG_CAP","A","2002",4.505,
"PAK","MEATCONSUMP","BEEF","KG_CAP","A","2003",4.507,
"PAK","MEATCONSUMP","BEEF","KG_CAP","A","2004",4.538,
"PAK","MEATCONSUMP","BEEF","KG_CAP","A","2005",4.566,
"PAK","MEATCONSUMP","BEEF","KG_CAP","A","2006",5.816,
"PAK","MEATCONSUMP","BEEF","KG_CAP","A","2007",5.862,
"PAK","MEATCONSUMP","BEEF","KG_CAP","A","2008",5.887,
"PAK","MEATCONSUMP","BEEF","KG_CAP","A","2009",5.944,
"PAK","MEATCONSUMP","BEEF","KG_CAP","A","2010",5.999,
"PAK","MEATCONSUMP","BEEF","KG_CAP","A","2011",6.078,
"PAK","MEATCONSUMP","BEEF","KG_CAP","A","2012",6.108,
"PAK","MEATCONSUMP","BEEF","KG_CAP","A","2013",6.194,
"PAK","MEATCONSUMP","BEEF","KG_CAP","A","2014",6.228,
"PAK","MEATCONSUMP","BEEF","KG_CAP","A","2015",6.266,
"PAK","MEATCONSUMP","BEEF","KG_CAP","A","2016",6.385,
"PAK","MEATCONSUMP","BEEF","KG_CAP","A","2017",6.514,
"PAK","MEATCONSUMP","BEEF","KG_CAP","A","2018",6.451,
"PAK","MEATCONSUMP","BEEF","KG_CAP","A","2019",6.391,
"PAK","MEATCONSUMP","BEEF","KG_CAP","A","2020",6.422,
"PAK","MEATCONSUMP","BEEF","KG_CAP","A","2021",6.469,
"PAK","MEATCONSUMP","BEEF","KG_CAP","A","2022",6.51,
"PAK","MEATCONSUMP","BEEF","KG_CAP","A","2023",6.55,
"PAK","MEATCONSUMP","BEEF","KG_CAP","A","2024",6.588,
"PAK","MEATCONSUMP","BEEF","KG_CAP","A","2025",6.628,
"PAK","MEATCONSUMP","BEEF","KG_CAP","A","2026",6.666,
"PAK","MEATCONSUMP","BEEF","KG_CAP","A","2027",6.703,
"PAK","MEATCONSUMP","BEEF","KG_CAP","A","2028",6.741,
"PAK","MEATCONSUMP","BEEF","KG_CAP","A","2029",6.779,
"PRY","MEATCONSUMP","BEEF","KG_CAP","A","1990",14.26,
"PRY","MEATCONSUMP","BEEF","KG_CAP","A","1991",28.434,
"PRY","MEATCONSUMP","BEEF","KG_CAP","A","1992",31.769,
"PRY","MEATCONSUMP","BEEF","KG_CAP","A","1993",29.731,
"PRY","MEATCONSUMP","BEEF","KG_CAP","A","1994",29.124,
"PRY","MEATCONSUMP","BEEF","KG_CAP","A","1995",29.971,
"PRY","MEATCONSUMP","BEEF","KG_CAP","A","1996",28.547,
"PRY","MEATCONSUMP","BEEF","KG_CAP","A","1997",27.789,
"PRY","MEATCONSUMP","BEEF","KG_CAP","A","1998",26.481,
"PRY","MEATCONSUMP","BEEF","KG_CAP","A","1999",30.244,
"PRY","MEATCONSUMP","BEEF","KG_CAP","A","2000",23.977,
"PRY","MEATCONSUMP","BEEF","KG_CAP","A","2001",22.475,
"PRY","MEATCONSUMP","BEEF","KG_CAP","A","2002",27.416,
"PRY","MEATCONSUMP","BEEF","KG_CAP","A","2003",22.708,
"PRY","MEATCONSUMP","BEEF","KG_CAP","A","2004",13.325,
"PRY","MEATCONSUMP","BEEF","KG_CAP","A","2005",8.634,
"PRY","MEATCONSUMP","BEEF","KG_CAP","A","2006",9.424,
"PRY","MEATCONSUMP","BEEF","KG_CAP","A","2007",10.172,
"PRY","MEATCONSUMP","BEEF","KG_CAP","A","2008",10.299,
"PRY","MEATCONSUMP","BEEF","KG_CAP","A","2009",10.061,
"PRY","MEATCONSUMP","BEEF","KG_CAP","A","2010",9.298,
"PRY","MEATCONSUMP","BEEF","KG_CAP","A","2011",18.672,
"PRY","MEATCONSUMP","BEEF","KG_CAP","A","2012",7.965,
"PRY","MEATCONSUMP","BEEF","KG_CAP","A","2013",9.305,
"PRY","MEATCONSUMP","BEEF","KG_CAP","A","2014",11.714,
"PRY","MEATCONSUMP","BEEF","KG_CAP","A","2015",9.808,
"PRY","MEATCONSUMP","BEEF","KG_CAP","A","2016",11.692,
"PRY","MEATCONSUMP","BEEF","KG_CAP","A","2017",14.143,
"PRY","MEATCONSUMP","BEEF","KG_CAP","A","2018",12.718,
"PRY","MEATCONSUMP","BEEF","KG_CAP","A","2019",12.05,
"PRY","MEATCONSUMP","BEEF","KG_CAP","A","2020",12.034,
"PRY","MEATCONSUMP","BEEF","KG_CAP","A","2021",12.095,
"PRY","MEATCONSUMP","BEEF","KG_CAP","A","2022",12.147,
"PRY","MEATCONSUMP","BEEF","KG_CAP","A","2023",12.186,
"PRY","MEATCONSUMP","BEEF","KG_CAP","A","2024",12.191,
"PRY","MEATCONSUMP","BEEF","KG_CAP","A","2025",12.19,
"PRY","MEATCONSUMP","BEEF","KG_CAP","A","2026",12.175,
"PRY","MEATCONSUMP","BEEF","KG_CAP","A","2027",12.159,
"PRY","MEATCONSUMP","BEEF","KG_CAP","A","2028",12.149,
"PRY","MEATCONSUMP","BEEF","KG_CAP","A","2029",12.138,
"PER","MEATCONSUMP","BEEF","KG_CAP","A","1990",3.96,
"PER","MEATCONSUMP","BEEF","KG_CAP","A","1991",3.755,
"PER","MEATCONSUMP","BEEF","KG_CAP","A","1992",3.533,
"PER","MEATCONSUMP","BEEF","KG_CAP","A","1993",3.413,
"PER","MEATCONSUMP","BEEF","KG_CAP","A","1994",3.185,
"PER","MEATCONSUMP","BEEF","KG_CAP","A","1995",3.388,
"PER","MEATCONSUMP","BEEF","KG_CAP","A","1996",3.419,
"PER","MEATCONSUMP","BEEF","KG_CAP","A","1997",3.625,
"PER","MEATCONSUMP","BEEF","KG_CAP","A","1998",3.638,
"PER","MEATCONSUMP","BEEF","KG_CAP","A","1999",3.816,
"PER","MEATCONSUMP","BEEF","KG_CAP","A","2000",3.602,
"PER","MEATCONSUMP","BEEF","KG_CAP","A","2001",3.554,
"PER","MEATCONSUMP","BEEF","KG_CAP","A","2002",3.652,
"PER","MEATCONSUMP","BEEF","KG_CAP","A","2003",3.758,
"PER","MEATCONSUMP","BEEF","KG_CAP","A","2004",3.846,
"PER","MEATCONSUMP","BEEF","KG_CAP","A","2005",4.029,
"PER","MEATCONSUMP","BEEF","KG_CAP","A","2006",4.165,
"PER","MEATCONSUMP","BEEF","KG_CAP","A","2007",4.16,
"PER","MEATCONSUMP","BEEF","KG_CAP","A","2008",4.097,
"PER","MEATCONSUMP","BEEF","KG_CAP","A","2009",4.077,
"PER","MEATCONSUMP","BEEF","KG_CAP","A","2010",4.22,
"PER","MEATCONSUMP","BEEF","KG_CAP","A","2011",4.328,
"PER","MEATCONSUMP","BEEF","KG_CAP","A","2012",4.449,
"PER","MEATCONSUMP","BEEF","KG_CAP","A","2013",4.568,
"PER","MEATCONSUMP","BEEF","KG_CAP","A","2014",4.563,
"PER","MEATCONSUMP","BEEF","KG_CAP","A","2015",4.506,
"PER","MEATCONSUMP","BEEF","KG_CAP","A","2016",4.368,
"PER","MEATCONSUMP","BEEF","KG_CAP","A","2017",4.229,
"PER","MEATCONSUMP","BEEF","KG_CAP","A","2018",4.242,
"PER","MEATCONSUMP","BEEF","KG_CAP","A","2019",4.21,
"PER","MEATCONSUMP","BEEF","KG_CAP","A","2020",4.143,
"PER","MEATCONSUMP","BEEF","KG_CAP","A","2021",4.169,
"PER","MEATCONSUMP","BEEF","KG_CAP","A","2022",4.163,
"PER","MEATCONSUMP","BEEF","KG_CAP","A","2023",4.176,
"PER","MEATCONSUMP","BEEF","KG_CAP","A","2024",4.192,
"PER","MEATCONSUMP","BEEF","KG_CAP","A","2025",4.203,
"PER","MEATCONSUMP","BEEF","KG_CAP","A","2026",4.233,
"PER","MEATCONSUMP","BEEF","KG_CAP","A","2027",4.223,
"PER","MEATCONSUMP","BEEF","KG_CAP","A","2028",4.233,
"PER","MEATCONSUMP","BEEF","KG_CAP","A","2029",4.238,
"PHL","MEATCONSUMP","BEEF","KG_CAP","A","1990",1.567,
"PHL","MEATCONSUMP","BEEF","KG_CAP","A","1991",1.538,
"PHL","MEATCONSUMP","BEEF","KG_CAP","A","1992",1.6,
"PHL","MEATCONSUMP","BEEF","KG_CAP","A","1993",1.686,
"PHL","MEATCONSUMP","BEEF","KG_CAP","A","1994",1.855,
"PHL","MEATCONSUMP","BEEF","KG_CAP","A","1995",2.118,
"PHL","MEATCONSUMP","BEEF","KG_CAP","A","1996",2.345,
"PHL","MEATCONSUMP","BEEF","KG_CAP","A","1997",2.693,
"PHL","MEATCONSUMP","BEEF","KG_CAP","A","1998",2.635,
"PHL","MEATCONSUMP","BEEF","KG_CAP","A","1999",3.17,
"PHL","MEATCONSUMP","BEEF","KG_CAP","A","2000",3.371,
"PHL","MEATCONSUMP","BEEF","KG_CAP","A","2001",3.149,
"PHL","MEATCONSUMP","BEEF","KG_CAP","A","2002",3.257,
"PHL","MEATCONSUMP","BEEF","KG_CAP","A","2003",3.195,
"PHL","MEATCONSUMP","BEEF","KG_CAP","A","2004",3.388,
"PHL","MEATCONSUMP","BEEF","KG_CAP","A","2005",3.061,
"PHL","MEATCONSUMP","BEEF","KG_CAP","A","2006",3.01,
"PHL","MEATCONSUMP","BEEF","KG_CAP","A","2007",3.362,
"PHL","MEATCONSUMP","BEEF","KG_CAP","A","2008",3.339,
"PHL","MEATCONSUMP","BEEF","KG_CAP","A","2009",3.053,
"PHL","MEATCONSUMP","BEEF","KG_CAP","A","2010",3.185,
"PHL","MEATCONSUMP","BEEF","KG_CAP","A","2011",3.039,
"PHL","MEATCONSUMP","BEEF","KG_CAP","A","2012",2.93,
"PHL","MEATCONSUMP","BEEF","KG_CAP","A","2013",2.853,
"PHL","MEATCONSUMP","BEEF","KG_CAP","A","2014",3.07,
"PHL","MEATCONSUMP","BEEF","KG_CAP","A","2015",3.011,
"PHL","MEATCONSUMP","BEEF","KG_CAP","A","2016",3.136,
"PHL","MEATCONSUMP","BEEF","KG_CAP","A","2017",3.162,
"PHL","MEATCONSUMP","BEEF","KG_CAP","A","2018",3.161,
"PHL","MEATCONSUMP","BEEF","KG_CAP","A","2019",3.152,
"PHL","MEATCONSUMP","BEEF","KG_CAP","A","2020",3.129,
"PHL","MEATCONSUMP","BEEF","KG_CAP","A","2021",3.152,
"PHL","MEATCONSUMP","BEEF","KG_CAP","A","2022",3.17,
"PHL","MEATCONSUMP","BEEF","KG_CAP","A","2023",3.189,
"PHL","MEATCONSUMP","BEEF","KG_CAP","A","2024",3.204,
"PHL","MEATCONSUMP","BEEF","KG_CAP","A","2025",3.225,
"PHL","MEATCONSUMP","BEEF","KG_CAP","A","2026",3.244,
"PHL","MEATCONSUMP","BEEF","KG_CAP","A","2027",3.264,
"PHL","MEATCONSUMP","BEEF","KG_CAP","A","2028",3.282,
"PHL","MEATCONSUMP","BEEF","KG_CAP","A","2029",3.301,
"RUS","MEATCONSUMP","BEEF","KG_CAP","A","1990",0,
"RUS","MEATCONSUMP","BEEF","KG_CAP","A","1991",0,
"RUS","MEATCONSUMP","BEEF","KG_CAP","A","1992",20.201,
"RUS","MEATCONSUMP","BEEF","KG_CAP","A","1993",18.901,
"RUS","MEATCONSUMP","BEEF","KG_CAP","A","1994",17.954,
"RUS","MEATCONSUMP","BEEF","KG_CAP","A","1995",15.605,
"RUS","MEATCONSUMP","BEEF","KG_CAP","A","1996",15.142,
"RUS","MEATCONSUMP","BEEF","KG_CAP","A","1997",15.255,
"RUS","MEATCONSUMP","BEEF","KG_CAP","A","1998",14.003,
"RUS","MEATCONSUMP","BEEF","KG_CAP","A","1999",11.95,
"RUS","MEATCONSUMP","BEEF","KG_CAP","A","2000",10.265,
"RUS","MEATCONSUMP","BEEF","KG_CAP","A","2001",11.224,
"RUS","MEATCONSUMP","BEEF","KG_CAP","A","2002",11.962,
"RUS","MEATCONSUMP","BEEF","KG_CAP","A","2003",12.219,
"RUS","MEATCONSUMP","BEEF","KG_CAP","A","2004",12.085,
"RUS","MEATCONSUMP","BEEF","KG_CAP","A","2005",12.703,
"RUS","MEATCONSUMP","BEEF","KG_CAP","A","2006",12.042,
"RUS","MEATCONSUMP","BEEF","KG_CAP","A","2007",13.3,
"RUS","MEATCONSUMP","BEEF","KG_CAP","A","2008",14.317,
"RUS","MEATCONSUMP","BEEF","KG_CAP","A","2009",12.955,
"RUS","MEATCONSUMP","BEEF","KG_CAP","A","2010",12.642,
"RUS","MEATCONSUMP","BEEF","KG_CAP","A","2011",13.383,
"RUS","MEATCONSUMP","BEEF","KG_CAP","A","2012",13.91,
"RUS","MEATCONSUMP","BEEF","KG_CAP","A","2013",12.193,
"RUS","MEATCONSUMP","BEEF","KG_CAP","A","2014",11.912,
"RUS","MEATCONSUMP","BEEF","KG_CAP","A","2015",10.778,
"RUS","MEATCONSUMP","BEEF","KG_CAP","A","2016",10.024,
"RUS","MEATCONSUMP","BEEF","KG_CAP","A","2017",9.842,
"RUS","MEATCONSUMP","BEEF","KG_CAP","A","2018",9.996,
"RUS","MEATCONSUMP","BEEF","KG_CAP","A","2019",10.07,
"RUS","MEATCONSUMP","BEEF","KG_CAP","A","2020",10.034,
"RUS","MEATCONSUMP","BEEF","KG_CAP","A","2021",10.02,
"RUS","MEATCONSUMP","BEEF","KG_CAP","A","2022",10.029,
"RUS","MEATCONSUMP","BEEF","KG_CAP","A","2023",10.041,
"RUS","MEATCONSUMP","BEEF","KG_CAP","A","2024",10.053,
"RUS","MEATCONSUMP","BEEF","KG_CAP","A","2025",10.073,
"RUS","MEATCONSUMP","BEEF","KG_CAP","A","2026",10.084,
"RUS","MEATCONSUMP","BEEF","KG_CAP","A","2027",10.097,
"RUS","MEATCONSUMP","BEEF","KG_CAP","A","2028",10.114,
"RUS","MEATCONSUMP","BEEF","KG_CAP","A","2029",10.13,
"SAU","MEATCONSUMP","BEEF","KG_CAP","A","1990",3.017,
"SAU","MEATCONSUMP","BEEF","KG_CAP","A","1991",3.452,
"SAU","MEATCONSUMP","BEEF","KG_CAP","A","1992",3.532,
"SAU","MEATCONSUMP","BEEF","KG_CAP","A","1993",1.987,
"SAU","MEATCONSUMP","BEEF","KG_CAP","A","1994",2.097,
"SAU","MEATCONSUMP","BEEF","KG_CAP","A","1995",3.611,
"SAU","MEATCONSUMP","BEEF","KG_CAP","A","1996",2.457,
"SAU","MEATCONSUMP","BEEF","KG_CAP","A","1997",2.318,
"SAU","MEATCONSUMP","BEEF","KG_CAP","A","1998",2.887,
"SAU","MEATCONSUMP","BEEF","KG_CAP","A","1999",2.064,
"SAU","MEATCONSUMP","BEEF","KG_CAP","A","2000",2.852,
"SAU","MEATCONSUMP","BEEF","KG_CAP","A","2001",1.737,
"SAU","MEATCONSUMP","BEEF","KG_CAP","A","2002",2.717,
"SAU","MEATCONSUMP","BEEF","KG_CAP","A","2003",2.692,
"SAU","MEATCONSUMP","BEEF","KG_CAP","A","2004",3.264,
"SAU","MEATCONSUMP","BEEF","KG_CAP","A","2005",2.995,
"SAU","MEATCONSUMP","BEEF","KG_CAP","A","2006",3.764,
"SAU","MEATCONSUMP","BEEF","KG_CAP","A","2007",4.018,
"SAU","MEATCONSUMP","BEEF","KG_CAP","A","2008",4.017,
"SAU","MEATCONSUMP","BEEF","KG_CAP","A","2009",4.023,
"SAU","MEATCONSUMP","BEEF","KG_CAP","A","2010",4.384,
"SAU","MEATCONSUMP","BEEF","KG_CAP","A","2011",4.189,
"SAU","MEATCONSUMP","BEEF","KG_CAP","A","2012",4.48,
"SAU","MEATCONSUMP","BEEF","KG_CAP","A","2013",4.265,
"SAU","MEATCONSUMP","BEEF","KG_CAP","A","2014",4.085,
"SAU","MEATCONSUMP","BEEF","KG_CAP","A","2015",4.35,
"SAU","MEATCONSUMP","BEEF","KG_CAP","A","2016",4.001,
"SAU","MEATCONSUMP","BEEF","KG_CAP","A","2017",3.715,
"SAU","MEATCONSUMP","BEEF","KG_CAP","A","2018",3.679,
"SAU","MEATCONSUMP","BEEF","KG_CAP","A","2019",3.83,
"SAU","MEATCONSUMP","BEEF","KG_CAP","A","2020",3.868,
"SAU","MEATCONSUMP","BEEF","KG_CAP","A","2021",3.917,
"SAU","MEATCONSUMP","BEEF","KG_CAP","A","2022",3.969,
"SAU","MEATCONSUMP","BEEF","KG_CAP","A","2023",4.021,
"SAU","MEATCONSUMP","BEEF","KG_CAP","A","2024",4.073,
"SAU","MEATCONSUMP","BEEF","KG_CAP","A","2025",4.125,
"SAU","MEATCONSUMP","BEEF","KG_CAP","A","2026",4.178,
"SAU","MEATCONSUMP","BEEF","KG_CAP","A","2027",4.231,
"SAU","MEATCONSUMP","BEEF","KG_CAP","A","2028",4.286,
"SAU","MEATCONSUMP","BEEF","KG_CAP","A","2029",4.342,
"ZAF","MEATCONSUMP","BEEF","KG_CAP","A","1990",13.4,
"ZAF","MEATCONSUMP","BEEF","KG_CAP","A","1991",13.495,
"ZAF","MEATCONSUMP","BEEF","KG_CAP","A","1992",12.769,
"ZAF","MEATCONSUMP","BEEF","KG_CAP","A","1993",11.516,
"ZAF","MEATCONSUMP","BEEF","KG_CAP","A","1994",9.969,
"ZAF","MEATCONSUMP","BEEF","KG_CAP","A","1995",9.829,
"ZAF","MEATCONSUMP","BEEF","KG_CAP","A","1996",9.35,
"ZAF","MEATCONSUMP","BEEF","KG_CAP","A","1997",8.979,
"ZAF","MEATCONSUMP","BEEF","KG_CAP","A","1998",8.834,
"ZAF","MEATCONSUMP","BEEF","KG_CAP","A","1999",10.424,
"ZAF","MEATCONSUMP","BEEF","KG_CAP","A","2000",9.468,
"ZAF","MEATCONSUMP","BEEF","KG_CAP","A","2001",9.119,
"ZAF","MEATCONSUMP","BEEF","KG_CAP","A","2002",9.108,
"ZAF","MEATCONSUMP","BEEF","KG_CAP","A","2003",9.386,
"ZAF","MEATCONSUMP","BEEF","KG_CAP","A","2004",10.034,
"ZAF","MEATCONSUMP","BEEF","KG_CAP","A","2005",10.971,
"ZAF","MEATCONSUMP","BEEF","KG_CAP","A","2006",12.046,
"ZAF","MEATCONSUMP","BEEF","KG_CAP","A","2007",11.89,
"ZAF","MEATCONSUMP","BEEF","KG_CAP","A","2008",11.099,
"ZAF","MEATCONSUMP","BEEF","KG_CAP","A","2009",11.095,
"ZAF","MEATCONSUMP","BEEF","KG_CAP","A","2010",12.103,
"ZAF","MEATCONSUMP","BEEF","KG_CAP","A","2011",11.719,
"ZAF","MEATCONSUMP","BEEF","KG_CAP","A","2012",11.635,
"ZAF","MEATCONSUMP","BEEF","KG_CAP","A","2013",12.372,
"ZAF","MEATCONSUMP","BEEF","KG_CAP","A","2014",12.585,
"ZAF","MEATCONSUMP","BEEF","KG_CAP","A","2015",13.099,
"ZAF","MEATCONSUMP","BEEF","KG_CAP","A","2016",13.132,
"ZAF","MEATCONSUMP","BEEF","KG_CAP","A","2017",12.067,
"ZAF","MEATCONSUMP","BEEF","KG_CAP","A","2018",11.751,
"ZAF","MEATCONSUMP","BEEF","KG_CAP","A","2019",11.142,
"ZAF","MEATCONSUMP","BEEF","KG_CAP","A","2020",11.395,
"ZAF","MEATCONSUMP","BEEF","KG_CAP","A","2021",11.692,
"ZAF","MEATCONSUMP","BEEF","KG_CAP","A","2022",11.968,
"ZAF","MEATCONSUMP","BEEF","KG_CAP","A","2023",12.242,
"ZAF","MEATCONSUMP","BEEF","KG_CAP","A","2024",12.514,
"ZAF","MEATCONSUMP","BEEF","KG_CAP","A","2025",12.791,
"ZAF","MEATCONSUMP","BEEF","KG_CAP","A","2026",13.054,
"ZAF","MEATCONSUMP","BEEF","KG_CAP","A","2027",13.318,
"ZAF","MEATCONSUMP","BEEF","KG_CAP","A","2028",13.581,
"ZAF","MEATCONSUMP","BEEF","KG_CAP","A","2029",13.844,
"THA","MEATCONSUMP","BEEF","KG_CAP","A","1990",3.915,
"THA","MEATCONSUMP","BEEF","KG_CAP","A","1991",3.899,
"THA","MEATCONSUMP","BEEF","KG_CAP","A","1992",3.827,
"THA","MEATCONSUMP","BEEF","KG_CAP","A","1993",4.045,
"THA","MEATCONSUMP","BEEF","KG_CAP","A","1994",3.258,
"THA","MEATCONSUMP","BEEF","KG_CAP","A","1995",4.224,
"THA","MEATCONSUMP","BEEF","KG_CAP","A","1996",3.76,
"THA","MEATCONSUMP","BEEF","KG_CAP","A","1997",3.271,
"THA","MEATCONSUMP","BEEF","KG_CAP","A","1998",2.864,
"THA","MEATCONSUMP","BEEF","KG_CAP","A","1999",2.564,
"THA","MEATCONSUMP","BEEF","KG_CAP","A","2000",2.217,
"THA","MEATCONSUMP","BEEF","KG_CAP","A","2001",1.615,
"THA","MEATCONSUMP","BEEF","KG_CAP","A","2002",1.538,
"THA","MEATCONSUMP","BEEF","KG_CAP","A","2003",1.547,
"THA","MEATCONSUMP","BEEF","KG_CAP","A","2004",1.638,
"THA","MEATCONSUMP","BEEF","KG_CAP","A","2005",1.635,
"THA","MEATCONSUMP","BEEF","KG_CAP","A","2006",1.718,
"THA","MEATCONSUMP","BEEF","KG_CAP","A","2007",1.911,
"THA","MEATCONSUMP","BEEF","KG_CAP","A","2008",1.774,
"THA","MEATCONSUMP","BEEF","KG_CAP","A","2009",1.785,
"THA","MEATCONSUMP","BEEF","KG_CAP","A","2010",1.975,
"THA","MEATCONSUMP","BEEF","KG_CAP","A","2011",1.77,
"THA","MEATCONSUMP","BEEF","KG_CAP","A","2012",1.613,
"THA","MEATCONSUMP","BEEF","KG_CAP","A","2013",1.551,
"THA","MEATCONSUMP","BEEF","KG_CAP","A","2014",1.474,
"THA","MEATCONSUMP","BEEF","KG_CAP","A","2015",1.283,
"THA","MEATCONSUMP","BEEF","KG_CAP","A","2016",1.308,
"THA","MEATCONSUMP","BEEF","KG_CAP","A","2017",1.389,
"THA","MEATCONSUMP","BEEF","KG_CAP","A","2018",1.306,
"THA","MEATCONSUMP","BEEF","KG_CAP","A","2019",1.229,
"THA","MEATCONSUMP","BEEF","KG_CAP","A","2020",1.233,
"THA","MEATCONSUMP","BEEF","KG_CAP","A","2021",1.237,
"THA","MEATCONSUMP","BEEF","KG_CAP","A","2022",1.246,
"THA","MEATCONSUMP","BEEF","KG_CAP","A","2023",1.253,
"THA","MEATCONSUMP","BEEF","KG_CAP","A","2024",1.257,
"THA","MEATCONSUMP","BEEF","KG_CAP","A","2025",1.259,
"THA","MEATCONSUMP","BEEF","KG_CAP","A","2026",1.261,
"THA","MEATCONSUMP","BEEF","KG_CAP","A","2027",1.261,
"THA","MEATCONSUMP","BEEF","KG_CAP","A","2028",1.262,
"THA","MEATCONSUMP","BEEF","KG_CAP","A","2029",1.263,
"UKR","MEATCONSUMP","BEEF","KG_CAP","A","1990",0,
"UKR","MEATCONSUMP","BEEF","KG_CAP","A","1991",0,
"UKR","MEATCONSUMP","BEEF","KG_CAP","A","1992",20.716,
"UKR","MEATCONSUMP","BEEF","KG_CAP","A","1993",17.544,
"UKR","MEATCONSUMP","BEEF","KG_CAP","A","1994",15.857,
"UKR","MEATCONSUMP","BEEF","KG_CAP","A","1995",13.499,
"UKR","MEATCONSUMP","BEEF","KG_CAP","A","1996",11.023,
"UKR","MEATCONSUMP","BEEF","KG_CAP","A","1997",10.919,
"UKR","MEATCONSUMP","BEEF","KG_CAP","A","1998",9.586,
"UKR","MEATCONSUMP","BEEF","KG_CAP","A","1999",9.21,
"UKR","MEATCONSUMP","BEEF","KG_CAP","A","2000",11.912,
"UKR","MEATCONSUMP","BEEF","KG_CAP","A","2001",7.978,
"UKR","MEATCONSUMP","BEEF","KG_CAP","A","2002",8.212,
"UKR","MEATCONSUMP","BEEF","KG_CAP","A","2003",8.274,
"UKR","MEATCONSUMP","BEEF","KG_CAP","A","2004",8.004,
"UKR","MEATCONSUMP","BEEF","KG_CAP","A","2005",8.249,
"UKR","MEATCONSUMP","BEEF","KG_CAP","A","2006",8.839,
"UKR","MEATCONSUMP","BEEF","KG_CAP","A","2007",7.998,
"UKR","MEATCONSUMP","BEEF","KG_CAP","A","2008",7.585,
"UKR","MEATCONSUMP","BEEF","KG_CAP","A","2009",6.798,
"UKR","MEATCONSUMP","BEEF","KG_CAP","A","2010",6.417,
"UKR","MEATCONSUMP","BEEF","KG_CAP","A","2011",6.041,
"UKR","MEATCONSUMP","BEEF","KG_CAP","A","2012",5.815,
"UKR","MEATCONSUMP","BEEF","KG_CAP","A","2013",6.325,
"UKR","MEATCONSUMP","BEEF","KG_CAP","A","2014",6.111,
"UKR","MEATCONSUMP","BEEF","KG_CAP","A","2015",5.496,
"UKR","MEATCONSUMP","BEEF","KG_CAP","A","2016",5.345,
"UKR","MEATCONSUMP","BEEF","KG_CAP","A","2017",5.016,
"UKR","MEATCONSUMP","BEEF","KG_CAP","A","2018",5.027,
"UKR","MEATCONSUMP","BEEF","KG_CAP","A","2019",4.622,
"UKR","MEATCONSUMP","BEEF","KG_CAP","A","2020",4.644,
"UKR","MEATCONSUMP","BEEF","KG_CAP","A","2021",4.685,
"UKR","MEATCONSUMP","BEEF","KG_CAP","A","2022",4.73,
"UKR","MEATCONSUMP","BEEF","KG_CAP","A","2023",4.768,
"UKR","MEATCONSUMP","BEEF","KG_CAP","A","2024",4.799,
"UKR","MEATCONSUMP","BEEF","KG_CAP","A","2025",4.827,
"UKR","MEATCONSUMP","BEEF","KG_CAP","A","2026",4.849,
"UKR","MEATCONSUMP","BEEF","KG_CAP","A","2027",4.872,
"UKR","MEATCONSUMP","BEEF","KG_CAP","A","2028",4.897,
"UKR","MEATCONSUMP","BEEF","KG_CAP","A","2029",4.922,
"VNM","MEATCONSUMP","BEEF","KG_CAP","A","1990",1.686,
"VNM","MEATCONSUMP","BEEF","KG_CAP","A","1991",1.661,
"VNM","MEATCONSUMP","BEEF","KG_CAP","A","1992",1.702,
"VNM","MEATCONSUMP","BEEF","KG_CAP","A","1993",1.648,
"VNM","MEATCONSUMP","BEEF","KG_CAP","A","1994",1.664,
"VNM","MEATCONSUMP","BEEF","KG_CAP","A","1995",1.675,
"VNM","MEATCONSUMP","BEEF","KG_CAP","A","1996",1.61,
"VNM","MEATCONSUMP","BEEF","KG_CAP","A","1997",1.485,
"VNM","MEATCONSUMP","BEEF","KG_CAP","A","1998",1.457,
"VNM","MEATCONSUMP","BEEF","KG_CAP","A","1999",1.577,
"VNM","MEATCONSUMP","BEEF","KG_CAP","A","2000",1.622,
"VNM","MEATCONSUMP","BEEF","KG_CAP","A","2001",1.678,
"VNM","MEATCONSUMP","BEEF","KG_CAP","A","2002",1.711,
"VNM","MEATCONSUMP","BEEF","KG_CAP","A","2003",1.736,
"VNM","MEATCONSUMP","BEEF","KG_CAP","A","2004",1.878,
"VNM","MEATCONSUMP","BEEF","KG_CAP","A","2005",2.199,
"VNM","MEATCONSUMP","BEEF","KG_CAP","A","2006",2.506,
"VNM","MEATCONSUMP","BEEF","KG_CAP","A","2007",3.316,
"VNM","MEATCONSUMP","BEEF","KG_CAP","A","2008",4.199,
"VNM","MEATCONSUMP","BEEF","KG_CAP","A","2009",4.966,
"VNM","MEATCONSUMP","BEEF","KG_CAP","A","2010",4.643,
"VNM","MEATCONSUMP","BEEF","KG_CAP","A","2011",6.394,
"VNM","MEATCONSUMP","BEEF","KG_CAP","A","2012",6.545,
"VNM","MEATCONSUMP","BEEF","KG_CAP","A","2013",8.328,
"VNM","MEATCONSUMP","BEEF","KG_CAP","A","2014",10.075,
"VNM","MEATCONSUMP","BEEF","KG_CAP","A","2015",9.75,
"VNM","MEATCONSUMP","BEEF","KG_CAP","A","2016",9.63,
"VNM","MEATCONSUMP","BEEF","KG_CAP","A","2017",10.584,
"VNM","MEATCONSUMP","BEEF","KG_CAP","A","2018",8.935,
"VNM","MEATCONSUMP","BEEF","KG_CAP","A","2019",8.145,
"VNM","MEATCONSUMP","BEEF","KG_CAP","A","2020",8.254,
"VNM","MEATCONSUMP","BEEF","KG_CAP","A","2021",8.422,
"VNM","MEATCONSUMP","BEEF","KG_CAP","A","2022",8.575,
"VNM","MEATCONSUMP","BEEF","KG_CAP","A","2023",8.727,
"VNM","MEATCONSUMP","BEEF","KG_CAP","A","2024",8.88,
"VNM","MEATCONSUMP","BEEF","KG_CAP","A","2025",9.041,
"VNM","MEATCONSUMP","BEEF","KG_CAP","A","2026",9.185,
"VNM","MEATCONSUMP","BEEF","KG_CAP","A","2027",9.333,
"VNM","MEATCONSUMP","BEEF","KG_CAP","A","2028",9.479,
"VNM","MEATCONSUMP","BEEF","KG_CAP","A","2029",9.628,
"WLD","MEATCONSUMP","BEEF","KG_CAP","A","1990",6.564,
"WLD","MEATCONSUMP","BEEF","KG_CAP","A","1991",6.664,
"WLD","MEATCONSUMP","BEEF","KG_CAP","A","1992",6.936,
"WLD","MEATCONSUMP","BEEF","KG_CAP","A","1993",6.796,
"WLD","MEATCONSUMP","BEEF","KG_CAP","A","1994",6.853,
"WLD","MEATCONSUMP","BEEF","KG_CAP","A","1995",6.844,
"WLD","MEATCONSUMP","BEEF","KG_CAP","A","1996",6.793,
"WLD","MEATCONSUMP","BEEF","KG_CAP","A","1997",6.817,
"WLD","MEATCONSUMP","BEEF","KG_CAP","A","1998",6.734,
"WLD","MEATCONSUMP","BEEF","KG_CAP","A","1999",6.744,
"WLD","MEATCONSUMP","BEEF","KG_CAP","A","2000",6.731,
"WLD","MEATCONSUMP","BEEF","KG_CAP","A","2001",6.516,
"WLD","MEATCONSUMP","BEEF","KG_CAP","A","2002",6.677,
"WLD","MEATCONSUMP","BEEF","KG_CAP","A","2003",6.691,
"WLD","MEATCONSUMP","BEEF","KG_CAP","A","2004",6.687,
"WLD","MEATCONSUMP","BEEF","KG_CAP","A","2005",6.724,
"WLD","MEATCONSUMP","BEEF","KG_CAP","A","2006",6.861,
"WLD","MEATCONSUMP","BEEF","KG_CAP","A","2007",6.941,
"WLD","MEATCONSUMP","BEEF","KG_CAP","A","2008",6.77,
"WLD","MEATCONSUMP","BEEF","KG_CAP","A","2009",6.635,
"WLD","MEATCONSUMP","BEEF","KG_CAP","A","2010",6.574,
"WLD","MEATCONSUMP","BEEF","KG_CAP","A","2011",6.449,
"WLD","MEATCONSUMP","BEEF","KG_CAP","A","2012",6.433,
"WLD","MEATCONSUMP","BEEF","KG_CAP","A","2013",6.472,
"WLD","MEATCONSUMP","BEEF","KG_CAP","A","2014",6.362,
"WLD","MEATCONSUMP","BEEF","KG_CAP","A","2015",6.308,
"WLD","MEATCONSUMP","BEEF","KG_CAP","A","2016",6.357,
"WLD","MEATCONSUMP","BEEF","KG_CAP","A","2017",6.375,
"WLD","MEATCONSUMP","BEEF","KG_CAP","A","2018",6.401,
"WLD","MEATCONSUMP","BEEF","KG_CAP","A","2019",6.421,
"WLD","MEATCONSUMP","BEEF","KG_CAP","A","2020",6.391,
"WLD","MEATCONSUMP","BEEF","KG_CAP","A","2021",6.377,
"WLD","MEATCONSUMP","BEEF","KG_CAP","A","2022",6.33,
"WLD","MEATCONSUMP","BEEF","KG_CAP","A","2023",6.314,
"WLD","MEATCONSUMP","BEEF","KG_CAP","A","2024",6.298,
"WLD","MEATCONSUMP","BEEF","KG_CAP","A","2025",6.29,
"WLD","MEATCONSUMP","BEEF","KG_CAP","A","2026",6.29,
"WLD","MEATCONSUMP","BEEF","KG_CAP","A","2027",6.285,
"WLD","MEATCONSUMP","BEEF","KG_CAP","A","2028",6.286,
"WLD","MEATCONSUMP","BEEF","KG_CAP","A","2029",6.279,
"OECD","MEATCONSUMP","BEEF","KG_CAP","A","1990",15.357,
"OECD","MEATCONSUMP","BEEF","KG_CAP","A","1991",16.037,
"OECD","MEATCONSUMP","BEEF","KG_CAP","A","1992",15.836,
"OECD","MEATCONSUMP","BEEF","KG_CAP","A","1993",15.513,
"OECD","MEATCONSUMP","BEEF","KG_CAP","A","1994",15.72,
"OECD","MEATCONSUMP","BEEF","KG_CAP","A","1995",15.684,
"OECD","MEATCONSUMP","BEEF","KG_CAP","A","1996",15.739,
"OECD","MEATCONSUMP","BEEF","KG_CAP","A","1997",15.629,
"OECD","MEATCONSUMP","BEEF","KG_CAP","A","1998",15.719,
"OECD","MEATCONSUMP","BEEF","KG_CAP","A","1999",15.719,
"OECD","MEATCONSUMP","BEEF","KG_CAP","A","2000",15.971,
"OECD","MEATCONSUMP","BEEF","KG_CAP","A","2001",15.415,
"OECD","MEATCONSUMP","BEEF","KG_CAP","A","2002",15.811,
"OECD","MEATCONSUMP","BEEF","KG_CAP","A","2003",15.423,
"OECD","MEATCONSUMP","BEEF","KG_CAP","A","2004",15.577,
"OECD","MEATCONSUMP","BEEF","KG_CAP","A","2005",15.427,
"OECD","MEATCONSUMP","BEEF","KG_CAP","A","2006",15.45,
"OECD","MEATCONSUMP","BEEF","KG_CAP","A","2007",15.503,
"OECD","MEATCONSUMP","BEEF","KG_CAP","A","2008",15.045,
"OECD","MEATCONSUMP","BEEF","KG_CAP","A","2009",14.694,
"OECD","MEATCONSUMP","BEEF","KG_CAP","A","2010",14.698,
"OECD","MEATCONSUMP","BEEF","KG_CAP","A","2011",14.303,
"OECD","MEATCONSUMP","BEEF","KG_CAP","A","2012",14.204,
"OECD","MEATCONSUMP","BEEF","KG_CAP","A","2013",14.048,
"OECD","MEATCONSUMP","BEEF","KG_CAP","A","2014",13.822,
"OECD","MEATCONSUMP","BEEF","KG_CAP","A","2015",13.841,
"OECD","MEATCONSUMP","BEEF","KG_CAP","A","2016",14.14,
"OECD","MEATCONSUMP","BEEF","KG_CAP","A","2017",14.259,
"OECD","MEATCONSUMP","BEEF","KG_CAP","A","2018",14.521,
"OECD","MEATCONSUMP","BEEF","KG_CAP","A","2019",14.472,
"OECD","MEATCONSUMP","BEEF","KG_CAP","A","2020",14.425,
"OECD","MEATCONSUMP","BEEF","KG_CAP","A","2021",14.406,
"OECD","MEATCONSUMP","BEEF","KG_CAP","A","2022",14.244,
"OECD","MEATCONSUMP","BEEF","KG_CAP","A","2023",14.24,
"OECD","MEATCONSUMP","BEEF","KG_CAP","A","2024",14.25,
"OECD","MEATCONSUMP","BEEF","KG_CAP","A","2025",14.274,
"OECD","MEATCONSUMP","BEEF","KG_CAP","A","2026",14.325,
"OECD","MEATCONSUMP","BEEF","KG_CAP","A","2027",14.36,
"OECD","MEATCONSUMP","BEEF","KG_CAP","A","2028",14.425,
"OECD","MEATCONSUMP","BEEF","KG_CAP","A","2029",14.438,
"BRICS","MEATCONSUMP","BEEF","KG_CAP","A","1990",2.436,
"BRICS","MEATCONSUMP","BEEF","KG_CAP","A","1991",2.477,
"BRICS","MEATCONSUMP","BEEF","KG_CAP","A","1992",3.805,
"BRICS","MEATCONSUMP","BEEF","KG_CAP","A","1993",3.826,
"BRICS","MEATCONSUMP","BEEF","KG_CAP","A","1994",4.01,
"BRICS","MEATCONSUMP","BEEF","KG_CAP","A","1995",4.22,
"BRICS","MEATCONSUMP","BEEF","KG_CAP","A","1996",4.204,
"BRICS","MEATCONSUMP","BEEF","KG_CAP","A","1997",4.293,
"BRICS","MEATCONSUMP","BEEF","KG_CAP","A","1998",4.226,
"BRICS","MEATCONSUMP","BEEF","KG_CAP","A","1999",4.283,
"BRICS","MEATCONSUMP","BEEF","KG_CAP","A","2000",4.124,
"BRICS","MEATCONSUMP","BEEF","KG_CAP","A","2001",4.168,
"BRICS","MEATCONSUMP","BEEF","KG_CAP","A","2002",4.257,
"BRICS","MEATCONSUMP","BEEF","KG_CAP","A","2003",4.536,
"BRICS","MEATCONSUMP","BEEF","KG_CAP","A","2004",4.422,
"BRICS","MEATCONSUMP","BEEF","KG_CAP","A","2005",4.571,
"BRICS","MEATCONSUMP","BEEF","KG_CAP","A","2006",4.702,
"BRICS","MEATCONSUMP","BEEF","KG_CAP","A","2007",4.751,
"BRICS","MEATCONSUMP","BEEF","KG_CAP","A","2008",4.529,
"BRICS","MEATCONSUMP","BEEF","KG_CAP","A","2009",4.412,
"BRICS","MEATCONSUMP","BEEF","KG_CAP","A","2010",4.382,
"BRICS","MEATCONSUMP","BEEF","KG_CAP","A","2011",4.249,
"BRICS","MEATCONSUMP","BEEF","KG_CAP","A","2012",4.264,
"BRICS","MEATCONSUMP","BEEF","KG_CAP","A","2013",4.264,
"BRICS","MEATCONSUMP","BEEF","KG_CAP","A","2014",4.086,
"BRICS","MEATCONSUMP","BEEF","KG_CAP","A","2015",4.058,
"BRICS","MEATCONSUMP","BEEF","KG_CAP","A","2016",4.079,
"BRICS","MEATCONSUMP","BEEF","KG_CAP","A","2017",4.09,
"BRICS","MEATCONSUMP","BEEF","KG_CAP","A","2018",4.179,
"BRICS","MEATCONSUMP","BEEF","KG_CAP","A","2019",4.357,
"BRICS","MEATCONSUMP","BEEF","KG_CAP","A","2020",4.349,
"BRICS","MEATCONSUMP","BEEF","KG_CAP","A","2021",4.34,
"BRICS","MEATCONSUMP","BEEF","KG_CAP","A","2022",4.315,
"BRICS","MEATCONSUMP","BEEF","KG_CAP","A","2023",4.298,
"BRICS","MEATCONSUMP","BEEF","KG_CAP","A","2024",4.28,
"BRICS","MEATCONSUMP","BEEF","KG_CAP","A","2025",4.27,
"BRICS","MEATCONSUMP","BEEF","KG_CAP","A","2026",4.27,
"BRICS","MEATCONSUMP","BEEF","KG_CAP","A","2027",4.265,
"BRICS","MEATCONSUMP","BEEF","KG_CAP","A","2028",4.262,
"BRICS","MEATCONSUMP","BEEF","KG_CAP","A","2029",4.26,
"NOR","MEATCONSUMP","BEEF","KG_CAP","A","1990",12.641,
"NOR","MEATCONSUMP","BEEF","KG_CAP","A","1991",12.975,
"NOR","MEATCONSUMP","BEEF","KG_CAP","A","1992",13.141,
"NOR","MEATCONSUMP","BEEF","KG_CAP","A","1993",13.379,
"NOR","MEATCONSUMP","BEEF","KG_CAP","A","1994",14.417,
"NOR","MEATCONSUMP","BEEF","KG_CAP","A","1995",14.104,
"NOR","MEATCONSUMP","BEEF","KG_CAP","A","1996",14.382,
"NOR","MEATCONSUMP","BEEF","KG_CAP","A","1997",14.263,
"NOR","MEATCONSUMP","BEEF","KG_CAP","A","1998",14.585,
"NOR","MEATCONSUMP","BEEF","KG_CAP","A","1999",14.043,
"NOR","MEATCONSUMP","BEEF","KG_CAP","A","2000",14.435,
"NOR","MEATCONSUMP","BEEF","KG_CAP","A","2001",13.897,
"NOR","MEATCONSUMP","BEEF","KG_CAP","A","2002",13.929,
"NOR","MEATCONSUMP","BEEF","KG_CAP","A","2003",14.255,
"NOR","MEATCONSUMP","BEEF","KG_CAP","A","2004",14.426,
"NOR","MEATCONSUMP","BEEF","KG_CAP","A","2005",14.574,
"NOR","MEATCONSUMP","BEEF","KG_CAP","A","2006",13.835,
"NOR","MEATCONSUMP","BEEF","KG_CAP","A","2007",14.074,
"NOR","MEATCONSUMP","BEEF","KG_CAP","A","2008",14.39,
"NOR","MEATCONSUMP","BEEF","KG_CAP","A","2009",13.613,
"NOR","MEATCONSUMP","BEEF","KG_CAP","A","2010",12.996,
"NOR","MEATCONSUMP","BEEF","KG_CAP","A","2011",13.297,
"NOR","MEATCONSUMP","BEEF","KG_CAP","A","2012",13.655,
"NOR","MEATCONSUMP","BEEF","KG_CAP","A","2013",13.773,
"NOR","MEATCONSUMP","BEEF","KG_CAP","A","2014",12.624,
"NOR","MEATCONSUMP","BEEF","KG_CAP","A","2015",14.053,
"NOR","MEATCONSUMP","BEEF","KG_CAP","A","2016",14.061,
"NOR","MEATCONSUMP","BEEF","KG_CAP","A","2017",13.71,
"NOR","MEATCONSUMP","BEEF","KG_CAP","A","2018",12.88,
"NOR","MEATCONSUMP","BEEF","KG_CAP","A","2019",12.668,
"NOR","MEATCONSUMP","BEEF","KG_CAP","A","2020",12.806,
"NOR","MEATCONSUMP","BEEF","KG_CAP","A","2021",12.926,
"NOR","MEATCONSUMP","BEEF","KG_CAP","A","2022",13.053,
"NOR","MEATCONSUMP","BEEF","KG_CAP","A","2023",12.982,
"NOR","MEATCONSUMP","BEEF","KG_CAP","A","2024",12.925,
"NOR","MEATCONSUMP","BEEF","KG_CAP","A","2025",12.86,
"NOR","MEATCONSUMP","BEEF","KG_CAP","A","2026",12.802,
"NOR","MEATCONSUMP","BEEF","KG_CAP","A","2027",12.741,
"NOR","MEATCONSUMP","BEEF","KG_CAP","A","2028",12.686,
"NOR","MEATCONSUMP","BEEF","KG_CAP","A","2029",12.628,
"CHE","MEATCONSUMP","BEEF","KG_CAP","A","1990",18.356,
"CHE","MEATCONSUMP","BEEF","KG_CAP","A","1991",18.579,
"CHE","MEATCONSUMP","BEEF","KG_CAP","A","1992",18.377,
"CHE","MEATCONSUMP","BEEF","KG_CAP","A","1993",17.58,
"CHE","MEATCONSUMP","BEEF","KG_CAP","A","1994",15.98,
"CHE","MEATCONSUMP","BEEF","KG_CAP","A","1995",15.829,
"CHE","MEATCONSUMP","BEEF","KG_CAP","A","1996",16.051,
"CHE","MEATCONSUMP","BEEF","KG_CAP","A","1997",15.999,
"CHE","MEATCONSUMP","BEEF","KG_CAP","A","1998",15.704,
"CHE","MEATCONSUMP","BEEF","KG_CAP","A","1999",15.542,
"CHE","MEATCONSUMP","BEEF","KG_CAP","A","2000",14.682,
"CHE","MEATCONSUMP","BEEF","KG_CAP","A","2001",14.538,
"CHE","MEATCONSUMP","BEEF","KG_CAP","A","2002",14.781,
"CHE","MEATCONSUMP","BEEF","KG_CAP","A","2003",14.504,
"CHE","MEATCONSUMP","BEEF","KG_CAP","A","2004",14.433,
"CHE","MEATCONSUMP","BEEF","KG_CAP","A","2005",14.545,
"CHE","MEATCONSUMP","BEEF","KG_CAP","A","2006",14.848,
"CHE","MEATCONSUMP","BEEF","KG_CAP","A","2007",14.651,
"CHE","MEATCONSUMP","BEEF","KG_CAP","A","2008",15.285,
"CHE","MEATCONSUMP","BEEF","KG_CAP","A","2009",15.121,
"CHE","MEATCONSUMP","BEEF","KG_CAP","A","2010",15.469,
"CHE","MEATCONSUMP","BEEF","KG_CAP","A","2011",15.618,
"CHE","MEATCONSUMP","BEEF","KG_CAP","A","2012",15.21,
"CHE","MEATCONSUMP","BEEF","KG_CAP","A","2013",14.34,
"CHE","MEATCONSUMP","BEEF","KG_CAP","A","2014",14.192,
"CHE","MEATCONSUMP","BEEF","KG_CAP","A","2015",13.84,
"CHE","MEATCONSUMP","BEEF","KG_CAP","A","2016",13.954,
"CHE","MEATCONSUMP","BEEF","KG_CAP","A","2017",13.415,
"CHE","MEATCONSUMP","BEEF","KG_CAP","A","2018",13.305,
"CHE","MEATCONSUMP","BEEF","KG_CAP","A","2019",13.171,
"CHE","MEATCONSUMP","BEEF","KG_CAP","A","2020",13.107,
"CHE","MEATCONSUMP","BEEF","KG_CAP","A","2021",13.01,
"CHE","MEATCONSUMP","BEEF","KG_CAP","A","2022",12.929,
"CHE","MEATCONSUMP","BEEF","KG_CAP","A","2023",12.845,
"CHE","MEATCONSUMP","BEEF","KG_CAP","A","2024",12.761,
"CHE","MEATCONSUMP","BEEF","KG_CAP","A","2025",12.685,
"CHE","MEATCONSUMP","BEEF","KG_CAP","A","2026",12.608,
"CHE","MEATCONSUMP","BEEF","KG_CAP","A","2027",12.571,
"CHE","MEATCONSUMP","BEEF","KG_CAP","A","2028",12.538,
"CHE","MEATCONSUMP","BEEF","KG_CAP","A","2029",12.506,
"GBR","MEATCONSUMP","BEEF","KG_CAP","A","1990",12.722,
"GBR","MEATCONSUMP","BEEF","KG_CAP","A","1991",12.987,
"GBR","MEATCONSUMP","BEEF","KG_CAP","A","1992",12.632,
"GBR","MEATCONSUMP","BEEF","KG_CAP","A","1993",10.463,
"GBR","MEATCONSUMP","BEEF","KG_CAP","A","1994",10.359,
"GBR","MEATCONSUMP","BEEF","KG_CAP","A","1995",10.688,
"GBR","MEATCONSUMP","BEEF","KG_CAP","A","1996",9.391,
"GBR","MEATCONSUMP","BEEF","KG_CAP","A","1997",10.326,
"GBR","MEATCONSUMP","BEEF","KG_CAP","A","1998",10.039,
"GBR","MEATCONSUMP","BEEF","KG_CAP","A","1999",10.181,
"GBR","MEATCONSUMP","BEEF","KG_CAP","A","2000",10.602,
"GBR","MEATCONSUMP","BEEF","KG_CAP","A","2001",10.654,
"GBR","MEATCONSUMP","BEEF","KG_CAP","A","2002",11.599,
"GBR","MEATCONSUMP","BEEF","KG_CAP","A","2003",11.749,
"GBR","MEATCONSUMP","BEEF","KG_CAP","A","2004",12.088,
"GBR","MEATCONSUMP","BEEF","KG_CAP","A","2005",12.046,
"GBR","MEATCONSUMP","BEEF","KG_CAP","A","2006",12.308,
"GBR","MEATCONSUMP","BEEF","KG_CAP","A","2007",12.421,
"GBR","MEATCONSUMP","BEEF","KG_CAP","A","2008",11.949,
"GBR","MEATCONSUMP","BEEF","KG_CAP","A","2009",11.389,
"GBR","MEATCONSUMP","BEEF","KG_CAP","A","2010",11.864,
"GBR","MEATCONSUMP","BEEF","KG_CAP","A","2011",11.616,
"GBR","MEATCONSUMP","BEEF","KG_CAP","A","2012",11.281,
"GBR","MEATCONSUMP","BEEF","KG_CAP","A","2013",11.024,
"GBR","MEATCONSUMP","BEEF","KG_CAP","A","2014",11.349,
"GBR","MEATCONSUMP","BEEF","KG_CAP","A","2015",11.633,
"GBR","MEATCONSUMP","BEEF","KG_CAP","A","2016",11.697,
"GBR","MEATCONSUMP","BEEF","KG_CAP","A","2017",11.706,
"GBR","MEATCONSUMP","BEEF","KG_CAP","A","2018",11.735,
"GBR","MEATCONSUMP","BEEF","KG_CAP","A","2019",11.408,
"GBR","MEATCONSUMP","BEEF","KG_CAP","A","2020",11.329,
"GBR","MEATCONSUMP","BEEF","KG_CAP","A","2021",11.362,
"GBR","MEATCONSUMP","BEEF","KG_CAP","A","2022",11.341,
"GBR","MEATCONSUMP","BEEF","KG_CAP","A","2023",11.245,
"GBR","MEATCONSUMP","BEEF","KG_CAP","A","2024",11.185,
"GBR","MEATCONSUMP","BEEF","KG_CAP","A","2025",11.144,
"GBR","MEATCONSUMP","BEEF","KG_CAP","A","2026",11.085,
"GBR","MEATCONSUMP","BEEF","KG_CAP","A","2027",11.032,
"GBR","MEATCONSUMP","BEEF","KG_CAP","A","2028",11.055,
"GBR","MEATCONSUMP","BEEF","KG_CAP","A","2029",11.031,
